Time (s),Ch1 (V)
0,0.1439210
0.0001250,0.1390853
0.0002500,0.1439210
0.0003750,0.1390853
0.0005000,0.1415032
0.0006250,0.1415032
0.0007500,0.1656814
0.0008750,0.1463388
0.0010000,0.1390853
0.0011250,0.1439210
0.0012500,0.1463388
0.0013750,0.1439210
0.0015000,0.1439210
0.0016250,0.1366675
0.0017500,0.1390853
0.0018750,0.1584279
0.0020000,0.1439210
0.0021250,0.1415032
0.0022500,0.1439210
0.0023750,0.1415032
0.0025000,0.1535923
0.0026250,0.1463388
0.0027500,0.1439210
0.0028750,0.1487566
0.0030000,0.1415032
0.0031250,0.1439210
0.0032500,0.1439210
0.0033750,0.1439210
0.0035000,0.1415032
0.0036250,0.1415032
0.0037500,0.1439210
0.0038750,0.1439210
0.0040000,0.1463388
0.0041250,0.1463388
0.0042500,0.1415032
0.0043750,0.1390853
0.0045000,0.1463388
0.0046250,0.1366675
0.0047500,0.1390853
0.0048750,0.1439210
0.0050000,0.1415032
0.0051250,0.1390853
0.0052500,0.1415032
0.0053750,0.1439210
0.0055000,0.1415032
0.0056250,0.1439210
0.0057500,0.1439210
0.0058750,0.1487566
0.0060000,0.1415032
0.0061250,0.1439210
0.0062500,0.1439210
0.0063750,0.1390853
0.0065000,0.1439210
0.0066250,0.1439210
0.0067500,0.1415032
0.0068750,0.1390853
0.0070000,0.1390853
0.0071250,0.1439210
0.0072500,0.1463388
0.0073750,0.1439210
0.0075000,0.1463388
0.0076250,0.1463388
0.0077500,0.1439210
0.0078750,0.1415032
0.0080000,0.1439210
0.0081250,0.1439210
0.0082500,0.1463388
0.0083750,0.1390853
0.0085000,0.1463388
0.0086250,0.1463388
0.0087500,0.1463388
0.0088750,0.1439210
0.0090000,0.1415032
0.0091250,0.1439210
0.0092500,0.1415032
0.0093750,0.1439210
0.0095000,0.1415032
0.0096250,0.0907289
0.0097500,0.1439210
0.0098750,0.1656814
0.0100000,0.1342497
0.0101250,0.1415032
0.0102500,0.1390853
0.0103750,0.1439210
0.0105000,0.1390853
0.0106250,0.1439210
0.0107500,0.1366675
0.0108750,0.1439210
0.0110000,0.1221606
0.0111250,0.1511745
0.0112500,0.1463388
0.0113750,0.1366675
0.0115000,0.1439210
0.0116250,0.1439210
0.0117500,0.1366675
0.0118750,0.1439210
0.0120000,0.1439210
0.0121250,0.1415032
0.0122500,0.1439210
0.0123750,0.1415032
0.0125000,0.1390853
0.0126250,0.1415032
0.0127500,0.1415032
0.0128750,0.1463388
0.0130000,0.1415032
0.0131250,0.1390853
0.0132500,0.1415032
0.0133750,0.1415032
0.0135000,0.1463388
0.0136250,0.1511745
0.0137500,0.1390853
0.0138750,0.1004001
0.0140000,0.1439210
0.0141250,0.1463388
0.0142500,0.1415032
0.0143750,0.1487566
0.0145000,0.1415032
0.0146250,0.1415032
0.0147500,0.1415032
0.0148750,0.1439210
0.0150000,0.1390853
0.0151250,0.1415032
0.0152500,0.1415032
0.0153750,0.1390853
0.0155000,0.1415032
0.0156250,0.1390853
0.0157500,0.1487566
0.0158750,0.1415032
0.0160000,0.1463388
0.0161250,0.1415032
0.0162500,0.1415032
0.0163750,0.1415032
0.0165000,0.1729349
0.0166250,0.1390853
0.0167500,0.1608458
0.0168750,0.1415032
0.0170000,0.1390853
0.0171250,0.1390853
0.0172500,0.1366675
0.0173750,0.1463388
0.0175000,0.1415032
0.0176250,0.1463388
0.0177500,0.1366675
0.0178750,0.1463388
0.0180000,0.1463388
0.0181250,0.1463388
0.0182500,0.1415032
0.0183750,0.1463388
0.0185000,0.1608458
0.0186250,0.1463388
0.0187500,0.1439210
0.0188750,0.1415032
0.0190000,0.1439210
0.0191250,0.1439210
0.0192500,0.1584279
0.0193750,0.1439210
0.0195000,0.1463388
0.0196250,0.1463388
0.0197500,0.1439210
0.0198750,0.1511745
0.0200000,0.1415032
0.0201250,0.1415032
0.0202500,0.1439210
0.0203750,0.1439210
0.0205000,0.1729349
0.0206250,0.1439210
0.0207500,0.1439210
0.0208750,0.1439210
0.0210000,0.1415032
0.0211250,0.1463388
0.0212500,0.1463388
0.0213750,0.1415032
0.0215000,0.1390853
0.0216250,0.1463388
0.0217500,0.1487566
0.0218750,0.1487566
0.0220000,0.1415032
0.0221250,0.1463388
0.0222500,0.1439210
0.0223750,0.1439210
0.0225000,0.1415032
0.0226250,0.1439210
0.0227500,0.1439210
0.0228750,0.1632636
0.0230000,0.1463388
0.0231250,0.1415032
0.0232500,0.1439210
0.0233750,0.1439210
0.0235000,0.1415032
0.0236250,0.1463388
0.0237500,0.1463388
0.0238750,0.1415032
0.0240000,0.1463388
0.0241250,0.1439210
0.0242500,0.1511745
0.0243750,0.1463388
0.0245000,0.1390853
0.0246250,0.1439210
0.0247500,0.1487566
0.0248750,0.1415032
0.0250000,0.1390853
0.0251250,0.1439210
0.0252500,0.1487566
0.0253750,0.1680992
0.0255000,0.1439210
0.0256250,0.1439210
0.0257500,0.1463388
0.0258750,0.1463388
0.0260000,0.1390853
0.0261250,0.1463388
0.0262500,0.1487566
0.0263750,0.1415032
0.0265000,0.1463388
0.0266250,0.1415032
0.0267500,0.1439210
0.0268750,0.1415032
0.0270000,0.1463388
0.0271250,0.1366675
0.0272500,0.1463388
0.0273750,0.1415032
0.0275000,0.1415032
0.0276250,0.1487566
0.0277500,0.1415032
0.0278750,0.1439210
0.0280000,0.1511745
0.0281250,0.1439210
0.0282500,0.1463388
0.0283750,0.1463388
0.0285000,0.1366675
0.0286250,0.1487566
0.0287500,0.1415032
0.0288750,0.1439210
0.0290000,0.1463388
0.0291250,0.1415032
0.0292500,0.1439210
0.0293750,0.1439210
0.0295000,0.1487566
0.0296250,0.1439210
0.0297500,0.1439210
0.0298750,0.1415032
0.0300000,0.1463388
0.0301250,0.1415032
0.0302500,0.1415032
0.0303750,0.1197427
0.0305000,0.1439210
0.0306250,0.1415032
0.0307500,0.1487566
0.0308750,0.1463388
0.0310000,0.1415032
0.0311250,0.1390853
0.0312500,0.1487566
0.0313750,0.1463388
0.0315000,0.1439210
0.0316250,0.1415032
0.0317500,0.1269962
0.0318750,0.1487566
0.0320000,0.1366675
0.0321250,0.1415032
0.0322500,0.1463388
0.0323750,0.1390853
0.0325000,0.1415032
0.0326250,0.1390853
0.0327500,0.1463388
0.0328750,0.1463388
0.0330000,0.1463388
0.0331250,0.1439210
0.0332500,0.1463388
0.0333750,0.1439210
0.0335000,0.1487566
0.0336250,0.1463388
0.0337500,0.1487566
0.0338750,0.1439210
0.0340000,0.1487566
0.0341250,0.1463388
0.0342500,0.1439210
0.0343750,0.1487566
0.0345000,0.1415032
0.0346250,0.1366675
0.0347500,0.1415032
0.0348750,0.1439210
0.0350000,0.1463388
0.0351250,0.1463388
0.0352500,0.1439210
0.0353750,0.1439210
0.0355000,0.1415032
0.0356250,0.1415032
0.0357500,0.1439210
0.0358750,0.1463388
0.0360000,0.1463388
0.0361250,0.1463388
0.0362500,0.1439210
0.0363750,0.1439210
0.0365000,0.1487566
0.0366250,0.1415032
0.0367500,0.1487566
0.0368750,0.1463388
0.0370000,0.1487566
0.0371250,0.1415032
0.0372500,0.1463388
0.0373750,0.1463388
0.0375000,0.1415032
0.0376250,0.1487566
0.0377500,0.1487566
0.0378750,0.1487566
0.0380000,0.1487566
0.0381250,0.1487566
0.0382500,0.1415032
0.0383750,0.1487566
0.0385000,0.1487566
0.0386250,0.1439210
0.0387500,0.1366675
0.0388750,0.1487566
0.0390000,0.1463388
0.0391250,0.1680992
0.0392500,0.1463388
0.0393750,0.1487566
0.0395000,0.1439210
0.0396250,0.1487566
0.0397500,0.1535923
0.0398750,0.1511745
0.0400000,0.1511745
0.0401250,0.1487566
0.0402500,0.1439210
0.0403750,0.1511745
0.0405000,0.1439210
0.0406250,0.1511745
0.0407500,0.1753527
0.0408750,0.1487566
0.0410000,0.1487566
0.0411250,0.1511745
0.0412500,0.1487566
0.0413750,0.1535923
0.0415000,0.1487566
0.0416250,0.1511745
0.0417500,0.1535923
0.0418750,0.1584279
0.0420000,0.1535923
0.0421250,0.1511745
0.0422500,0.1511745
0.0423750,0.1511745
0.0425000,0.1535923
0.0426250,0.1535923
0.0427500,0.1560101
0.0428750,0.1753527
0.0430000,0.1560101
0.0431250,0.1584279
0.0432500,0.1680992
0.0433750,0.1632636
0.0435000,0.1632636
0.0436250,0.1656814
0.0437500,0.1656814
0.0438750,0.1680992
0.0440000,0.1705171
0.0441250,0.1729349
0.0442500,0.1753527
0.0443750,0.1753527
0.0445000,0.1850240
0.0446250,0.1801883
0.0447500,0.1874418
0.0448750,0.2164557
0.0450000,0.2019488
0.0451250,0.1995309
0.0452500,0.2092022
0.0453750,0.2140379
0.0455000,0.2188735
0.0456250,0.2164557
0.0457500,0.2212914
0.0458750,0.2357983
0.0460000,0.2430518
0.0461250,0.2430518
0.0462500,0.2623944
0.0463750,0.2744835
0.0465000,0.2865726
0.0466250,0.2938261
0.0467500,0.3059152
0.0468750,0.3228400
0.0470000,0.3228400
0.0471250,0.3542717
0.0472500,0.3711965
0.0473750,0.3857034
0.0475000,0.3953747
0.0476250,0.4171351
0.0477500,0.4268064
0.0478750,0.4461490
0.0480000,0.4775807
0.0481250,0.4945055
0.0482500,0.5186837
0.0483750,0.5501155
0.0485000,0.5670402
0.0486250,0.5912185
0.0487500,0.6226502
0.0488750,0.6637532
0.0490000,0.6879314
0.0491250,0.7290344
0.0492500,0.7677196
0.0493750,0.8112405
0.0495000,0.8378365
0.0496250,0.8620148
0.0497500,0.8910287
0.0498750,0.9393851
0.0500000,0.9877416
0.0501250,1.0095020
0.0502500,1.0578585
0.0503750,1.1086328
0.0505000,1.1231398
0.0506250,1.1835854
0.0507500,1.2053458
0.0508750,1.2609558
0.0510000,1.2899697
0.0511250,1.3310727
0.0512500,1.3842648
0.0513750,1.4084430
0.0515000,1.4713065
0.0516250,1.5099917
0.0517500,1.5365877
0.0518750,1.5825264
0.0520000,1.6042868
0.0521250,1.6429720
0.0522500,1.6864928
0.0523750,1.7106711
0.0525000,1.7445206
0.0526250,1.7566097
0.0527500,1.7783701
0.0528750,1.8170553
0.0530000,1.8315623
0.0531250,1.8654118
0.0532500,1.8726653
0.0533750,1.8823366
0.0535000,1.9210218
0.0536250,1.9040970
0.0537500,1.9089327
0.0538750,1.9137683
0.0540000,1.9186039
0.0541250,1.9161861
0.0542500,1.9282752
0.0543750,1.9186039
0.0545000,1.9210218
0.0546250,1.9500357
0.0547500,1.9210218
0.0548750,1.9137683
0.0550000,1.9137683
0.0551250,1.9089327
0.0552500,1.9137683
0.0553750,1.9137683
0.0555000,1.9016792
0.0556250,1.9016792
0.0557500,1.8895901
0.0558750,1.8871722
0.0560000,1.8920079
0.0561250,1.8895901
0.0562500,1.8895901
0.0563750,1.8847544
0.0565000,1.8823366
0.0566250,1.8823366
0.0567500,1.8750831
0.0568750,1.8678296
0.0570000,1.8750831
0.0571250,1.8895901
0.0572500,1.8629940
0.0573750,1.8629940
0.0575000,1.8581583
0.0576250,1.8605762
0.0577500,1.8557405
0.0578750,1.8533227
0.0580000,1.8581583
0.0581250,1.8533227
0.0582500,1.8484870
0.0583750,1.8484870
0.0585000,1.8436514
0.0586250,1.8363979
0.0587500,1.8339801
0.0588750,1.8412336
0.0590000,1.8388157
0.0591250,1.8339801
0.0592500,1.8291445
0.0593750,1.8291445
0.0595000,1.8291445
0.0596250,1.8291445
0.0597500,1.8218910
0.0598750,1.8267266
0.0600000,1.8243088
0.0601250,1.8170553
0.0602500,1.8194732
0.0603750,1.8146375
0.0605000,1.8146375
0.0606250,1.8025484
0.0607500,1.8170553
0.0608750,1.8098019
0.0610000,1.8098019
0.0611250,1.8025484
0.0612500,1.8049662
0.0613750,1.8049662
0.0615000,1.7977127
0.0616250,1.7952949
0.0617500,1.7904593
0.0618750,1.8025484
0.0620000,1.7977127
0.0621250,1.7904593
0.0622500,1.7856236
0.0623750,1.7904593
0.0625000,1.7880414
0.0626250,1.7856236
0.0627500,1.7832058
0.0628750,1.7856236
0.0630000,1.7807880
0.0631250,1.7783701
0.0632500,1.7832058
0.0633750,1.7711167
0.0635000,1.7735345
0.0636250,1.7662810
0.0637500,1.7711167
0.0638750,1.7662810
0.0640000,1.7638632
0.0641250,1.7590276
0.0642500,1.7662810
0.0643750,1.7614454
0.0645000,1.7493563
0.0646250,1.7614454
0.0647500,1.7517741
0.0648750,1.7517741
0.0650000,1.7590276
0.0651250,1.7421028
0.0652500,1.7421028
0.0653750,1.7324315
0.0655000,1.7324315
0.0656250,1.7445206
0.0657500,1.7372671
0.0658750,1.7396850
0.0660000,1.7372671
0.0661250,1.7372671
0.0662500,1.7445206
0.0663750,1.7493563
0.0665000,1.7541919
0.0666250,1.7880414
0.0667500,1.8073840
0.0668750,1.8388157
0.0670000,1.8678296
0.0671250,1.8823366
0.0672500,1.9065148
0.0673750,1.9234396
0.0675000,1.9524535
0.0676250,1.9572891
0.0677500,1.9645426
0.0678750,1.9838852
0.0680000,1.9863030
0.0681250,1.9814674
0.0682500,1.9887209
0.0683750,1.9959743
0.0685000,1.9959743
0.0686250,1.9887209
0.0687500,1.9935565
0.0688750,1.9935565
0.0690000,1.9911387
0.0691250,1.9863030
0.0692500,1.9838852
0.0693750,1.9814674
0.0695000,1.9742139
0.0696250,1.9742139
0.0697500,1.9693783
0.0698750,1.9717961
0.0700000,1.9717961
0.0701250,1.9669604
0.0702500,1.9669604
0.0703750,1.9597070
0.0705000,1.9766317
0.0706250,1.9548713
0.0707500,1.9500357
0.0708750,1.9476178
0.0710000,1.9452000
0.0711250,1.9452000
0.0712500,1.9452000
0.0713750,1.9427822
0.0715000,1.9379465
0.0716250,1.9306931
0.0717500,1.9306931
0.0718750,1.9306931
0.0720000,1.9282752
0.0721250,1.9258574
0.0722500,1.9210218
0.0723750,1.9234396
0.0725000,1.9161861
0.0726250,1.9137683
0.0727500,1.9137683
0.0728750,1.9065148
0.0730000,1.9113505
0.0731250,1.9065148
0.0732500,1.9065148
0.0733750,1.9016792
0.0735000,1.8968435
0.0736250,1.8944257
0.0737500,1.8944257
0.0738750,1.8895901
0.0740000,1.8895901
0.0741250,1.8871722
0.0742500,1.8823366
0.0743750,1.8823366
0.0745000,1.8823366
0.0746250,1.8775009
0.0747500,1.8702475
0.0748750,1.8750831
0.0750000,1.8702475
0.0751250,1.8654118
0.0752500,1.8654118
0.0753750,1.8750831
0.0755000,1.8557405
0.0756250,1.8557405
0.0757500,1.8557405
0.0758750,1.8533227
0.0760000,1.8509049
0.0761250,1.8436514
0.0762500,1.8460692
0.0763750,1.8460692
0.0765000,1.8388157
0.0766250,1.8315623
0.0767500,1.8363979
0.0768750,1.8363979
0.0770000,1.8315623
0.0771250,1.8315623
0.0772500,1.8243088
0.0773750,1.8170553
0.0775000,1.8218910
0.0776250,1.8146375
0.0777500,1.8122197
0.0778750,1.8267266
0.0780000,1.8098019
0.0781250,1.8025484
0.0782500,1.8049662
0.0783750,1.8049662
0.0785000,1.7977127
0.0786250,1.8001306
0.0787500,1.7977127
0.0788750,1.7904593
0.0790000,1.7977127
0.0791250,1.7904593
0.0792500,1.7856236
0.0793750,1.7807880
0.0795000,1.7856236
0.0796250,1.7783701
0.0797500,1.7783701
0.0798750,1.7807880
0.0800000,1.7566097
0.0801250,1.7759523
0.0802500,1.7735345
0.0803750,1.7686988
0.0805000,1.7614454
0.0806250,1.7638632
0.0807500,1.7614454
0.0808750,1.7566097
0.0810000,1.7638632
0.0811250,1.7541919
0.0812500,1.7517741
0.0813750,1.7469384
0.0815000,1.7469384
0.0816250,1.7590276
0.0817500,1.7614454
0.0818750,1.7469384
0.0820000,1.7372671
0.0821250,1.7421028
0.0822500,1.7348493
0.0823750,1.7348493
0.0825000,1.7227602
0.0826250,1.7179245
0.0827500,1.7251780
0.0828750,1.7251780
0.0830000,1.7300137
0.0831250,1.7275958
0.0832500,1.7203424
0.0833750,1.7179245
0.0835000,1.7106711
0.0836250,1.7106711
0.0837500,1.7130889
0.0838750,1.7106711
0.0840000,1.7082532
0.0841250,1.7034176
0.0842500,1.7058354
0.0843750,1.7009998
0.0845000,1.6937463
0.0846250,1.6889106
0.0847500,1.6840750
0.0848750,1.6889106
0.0850000,1.6212116
0.0851250,1.6840750
0.0852500,1.6864928
0.0853750,1.6889106
0.0855000,1.6768215
0.0856250,1.6695681
0.0857500,1.6671502
0.0858750,1.6695681
0.0860000,1.6768215
0.0861250,1.6623146
0.0862500,1.6647324
0.0863750,1.6598968
0.0865000,1.6526433
0.0866250,1.6526433
0.0867500,1.6550611
0.0868750,1.6502255
0.0870000,1.6502255
0.0871250,1.6405542
0.0872500,1.6526433
0.0873750,1.6429720
0.0875000,1.6381363
0.0876250,1.6478076
0.0877500,1.6405542
0.0878750,1.6357185
0.0880000,1.6405542
0.0881250,1.6284650
0.0882500,1.6357185
0.0883750,1.6260472
0.0885000,1.6212116
0.0886250,1.6236294
0.0887500,1.6236294
0.0888750,1.6212116
0.0890000,1.6163759
0.0891250,1.6187937
0.0892500,1.6115403
0.0893750,1.6163759
0.0895000,1.6091225
0.0896250,1.6091225
0.0897500,1.6091225
0.0898750,1.6042868
0.0900000,1.6067046
0.0901250,1.6042868
0.0902500,1.5946155
0.0903750,1.5946155
0.0905000,1.5970333
0.0906250,1.5897799
0.0907500,1.5849442
0.0908750,1.5897799
0.0910000,1.5849442
0.0911250,1.5825264
0.0912500,1.5801086
0.0913750,1.5752729
0.0915000,1.5801086
0.0916250,1.5776907
0.0917500,1.5704373
0.0918750,1.5728551
0.0920000,1.5631838
0.0921250,1.5631838
0.0922500,1.5680194
0.0923750,1.5656016
0.0925000,1.5583481
0.0926250,1.5535125
0.0927500,1.5583481
0.0928750,1.5583481
0.0930000,1.5559303
0.0931250,1.5535125
0.0932500,1.5486768
0.0933750,1.5486768
0.0935000,1.5438412
0.0936250,1.5365877
0.0937500,1.5341699
0.0938750,1.5317521
0.0940000,1.5365877
0.0941250,1.5269164
0.0942500,1.5269164
0.0943750,1.5293343
0.0945000,1.5293343
0.0946250,1.5269164
0.0947500,1.5196630
0.0948750,1.5196630
0.0950000,1.5244986
0.0951250,1.5124095
0.0952500,1.5244986
0.0953750,1.5124095
0.0955000,1.5124095
0.0956250,1.5051560
0.0957500,1.5051560
0.0958750,1.5051560
0.0960000,1.5003204
0.0961250,1.5027382
0.0962500,1.5051560
0.0963750,1.4979025
0.0965000,1.4954847
0.0966250,1.4954847
0.0967500,1.4858134
0.0968750,1.4906491
0.0970000,1.4930669
0.0971250,1.4809778
0.0972500,1.4737243
0.0973750,1.4809778
0.0975000,1.4761421
0.0976250,1.4809778
0.0977500,1.4761421
0.0978750,1.4761421
0.0980000,1.4761421
0.0981250,1.4713065
0.0982500,1.4688886
0.0983750,1.4640530
0.0985000,1.4567995
0.0986250,1.4543817
0.0987500,1.4592174
0.0988750,1.4592174
0.0990000,1.4616352
0.0991250,1.4519639
0.0992500,1.4519639
0.0993750,1.4495461
0.0995000,1.4495461
0.0996250,1.4592174
0.0997500,1.4447104
0.0998750,1.4447104
0.1000000,1.4398748
0.1001250,1.4374569
0.1002500,1.4374569
0.1003750,1.4374569
0.1005000,1.4326213
0.1006250,1.4205322
0.1007500,1.4277856
0.1008750,1.4302035
0.1010000,1.4229500
0.1011250,1.4277856
0.1012500,1.4181143
0.1013750,1.4229500
0.1015000,1.4132787
0.1016250,1.4132787
0.1017500,1.4084430
0.1018750,1.4084430
0.1020000,1.4132787
0.1021250,1.4036074
0.1022500,1.3987717
0.1023750,1.4060252
0.1025000,1.4011896
0.1026250,1.3963539
0.1027500,1.3915183
0.1028750,1.3939361
0.1030000,1.3915183
0.1031250,1.3866826
0.1032500,1.3842648
0.1033750,1.3866826
0.1035000,1.3818470
0.1036250,1.3842648
0.1037500,1.3842648
0.1038750,1.3745935
0.1040000,1.3745935
0.1041250,1.3721757
0.1042500,1.3770113
0.1043750,1.3721757
0.1045000,1.3673400
0.1046250,1.3673400
0.1047500,1.3697579
0.1048750,1.3576687
0.1050000,1.3649222
0.1051250,1.3625044
0.1052500,1.3576687
0.1053750,1.3600866
0.1055000,1.3552509
0.1056250,1.3552509
0.1057500,1.3479974
0.1058750,1.3479974
0.1060000,1.3479974
0.1061250,1.3431618
0.1062500,1.3431618
0.1063750,1.3455796
0.1065000,1.3359083
0.1066250,1.3359083
0.1067500,1.3310727
0.1068750,1.3407440
0.1070000,1.3310727
0.1071250,1.3286548
0.1072500,1.3262370
0.1073750,1.3238192
0.1075000,1.3238192
0.1076250,1.3238192
0.1077500,1.3214014
0.1078750,1.3165657
0.1080000,1.3165657
0.1081250,1.3117301
0.1082500,1.3165657
0.1083750,1.3141479
0.1085000,1.3117301
0.1086250,1.3044766
0.1087500,1.3093122
0.1088750,1.3044766
0.1090000,1.3044766
0.1091250,1.3020588
0.1092500,1.3044766
0.1093750,1.2996410
0.1095000,1.2972231
0.1096250,1.2923875
0.1097500,1.2827162
0.1098750,1.2875518
0.1100000,1.2899697
0.1101250,1.2802984
0.1102500,1.2851340
0.1103750,1.2851340
0.1105000,1.2827162
0.1106250,1.2851340
0.1107500,1.2754627
0.1108750,1.2778805
0.1110000,1.2827162
0.1111250,1.2706271
0.1112500,1.2778805
0.1113750,1.2440310
0.1115000,1.2657914
0.1116250,1.2633736
0.1117500,1.2657914
0.1118750,1.2682092
0.1120000,1.2609558
0.1121250,1.2585379
0.1122500,1.2633736
0.1123750,1.2561201
0.1125000,1.2561201
0.1126250,1.2488666
0.1127500,1.2512845
0.1128750,1.2537023
0.1130000,1.2512845
0.1131250,1.2464488
0.1132500,1.2464488
0.1133750,1.2416132
0.1135000,1.2440310
0.1136250,1.2464488
0.1137500,1.2343597
0.1138750,1.2391953
0.1140000,1.2343597
0.1141250,1.2391953
0.1142500,1.2295241
0.1143750,1.2271062
0.1145000,1.2367775
0.1146250,1.2271062
0.1147500,1.2271062
0.1148750,1.2222706
0.1150000,1.2222706
0.1151250,1.2271062
0.1152500,1.2198528
0.1153750,1.2222706
0.1155000,1.2198528
0.1156250,1.2150171
0.1157500,1.2222706
0.1158750,1.2150171
0.1160000,1.2174349
0.1161250,1.2053458
0.1162500,1.2101815
0.1163750,1.2053458
0.1165000,1.2101815
0.1166250,1.2053458
0.1167500,1.2053458
0.1168750,1.2077636
0.1170000,1.2029280
0.1171250,1.2005102
0.1172500,1.2029280
0.1173750,1.2077636
0.1175000,1.1956745
0.1176250,1.1956745
0.1177500,1.2053458
0.1178750,1.1956745
0.1180000,1.2005102
0.1181250,1.1932567
0.1182500,1.1980923
0.1183750,1.1860032
0.1185000,1.1860032
0.1186250,1.1787497
0.1187500,1.1860032
0.1188750,1.1860032
0.1190000,1.1884210
0.1191250,1.1835854
0.1192500,1.1884210
0.1193750,1.1884210
0.1195000,1.1884210
0.1196250,1.1835854
0.1197500,1.1860032
0.1198750,1.1787497
0.1200000,1.1811676
0.1201250,1.1787497
0.1202500,1.1835854
0.1203750,1.1714963
0.1205000,1.1714963
0.1206250,1.1787497
0.1207500,1.1763319
0.1208750,1.1884210
0.1210000,1.1980923
0.1211250,1.2174349
0.1212500,1.2367775
0.1213750,1.2754627
0.1215000,1.3117301
0.1216250,1.3528331
0.1217500,1.3842648
0.1218750,1.4302035
0.1220000,1.4664708
0.1221250,1.5003204
0.1222500,1.5220808
0.1223750,1.5462590
0.1225000,1.5656016
0.1226250,1.5970333
0.1227500,1.6139581
0.1228750,1.6284650
0.1230000,1.6429720
0.1231250,1.6453898
0.1232500,1.6574789
0.1233750,1.6647324
0.1235000,1.6695681
0.1236250,1.6695681
0.1237500,1.6623146
0.1238750,1.6647324
0.1240000,1.6623146
0.1241250,1.6623146
0.1242500,1.6598968
0.1243750,1.6598968
0.1245000,1.6453898
0.1246250,1.6598968
0.1247500,1.6598968
0.1248750,1.6647324
0.1250000,1.6550611
0.1251250,1.6574789
0.1252500,1.6550611
0.1253750,1.6478076
0.1255000,1.6478076
0.1256250,1.6574789
0.1257500,1.6478076
0.1258750,1.6405542
0.1260000,1.6405542
0.1261250,1.6405542
0.1262500,1.6405542
0.1263750,1.6429720
0.1265000,1.6381363
0.1266250,1.6333007
0.1267500,1.6284650
0.1268750,1.6333007
0.1270000,1.6284650
0.1271250,1.6284650
0.1272500,1.6187937
0.1273750,1.6212116
0.1275000,1.6236294
0.1276250,1.6163759
0.1277500,1.6139581
0.1278750,1.6212116
0.1280000,1.6139581
0.1281250,1.6115403
0.1282500,1.6091225
0.1283750,1.6067046
0.1285000,1.6018690
0.1286250,1.6042868
0.1287500,1.5994512
0.1288750,1.5970333
0.1290000,1.5921977
0.1291250,1.5921977
0.1292500,1.5921977
0.1293750,1.5849442
0.1295000,1.5849442
0.1296250,1.5873620
0.1297500,1.5849442
0.1298750,1.5776907
0.1300000,1.5776907
0.1301250,1.5728551
0.1302500,1.5704373
0.1303750,1.5680194
0.1305000,1.5656016
0.1306250,1.5607660
0.1307500,1.5559303
0.1308750,1.5583481
0.1310000,1.5607660
0.1311250,1.5583481
0.1312500,1.5486768
0.1313750,1.5510947
0.1315000,1.5510947
0.1316250,1.5438412
0.1317500,1.5438412
0.1318750,1.5486768
0.1320000,1.5486768
0.1321250,1.5293343
0.1322500,1.5414234
0.1323750,1.5365877
0.1325000,1.5317521
0.1326250,1.5244986
0.1327500,1.5196630
0.1328750,1.5293343
0.1330000,1.5220808
0.1331250,1.5269164
0.1332500,1.4858134
0.1333750,1.5220808
0.1335000,1.5172451
0.1336250,1.5220808
0.1337500,1.5220808
0.1338750,1.5341699
0.1340000,1.5462590
0.1341250,1.5583481
0.1342500,1.5946155
0.1343750,1.6042868
0.1345000,1.6357185
0.1346250,1.6502255
0.1347500,1.6695681
0.1348750,1.6913285
0.1350000,1.6985819
0.1351250,1.7009998
0.1352500,1.7179245
0.1353750,1.7130889
0.1355000,1.7106711
0.1356250,1.7106711
0.1357500,1.7130889
0.1358750,1.7130889
0.1360000,1.7130889
0.1361250,1.7058354
0.1362500,1.7130889
0.1363750,1.7106711
0.1365000,1.7082532
0.1366250,1.7009998
0.1367500,1.6961641
0.1368750,1.6937463
0.1370000,1.7034176
0.1371250,1.6961641
0.1372500,1.6913285
0.1373750,1.6961641
0.1375000,1.6864928
0.1376250,1.6864928
0.1377500,1.6840750
0.1378750,1.6840750
0.1380000,1.6792394
0.1381250,1.6840750
0.1382500,1.6695681
0.1383750,1.6792394
0.1385000,1.6864928
0.1386250,1.7009998
0.1387500,1.6768215
0.1388750,1.6719859
0.1390000,1.6744037
0.1391250,1.6671502
0.1392500,1.6647324
0.1393750,1.6526433
0.1395000,1.6647324
0.1396250,1.6598968
0.1397500,1.6526433
0.1398750,1.6526433
0.1400000,1.6574789
0.1401250,1.6550611
0.1402500,1.6526433
0.1403750,1.6526433
0.1405000,1.6453898
0.1406250,1.6429720
0.1407500,1.6478076
0.1408750,1.6381363
0.1410000,1.6405542
0.1411250,1.5825264
0.1412500,1.6405542
0.1413750,1.6260472
0.1415000,1.6357185
0.1416250,1.6139581
0.1417500,1.6333007
0.1418750,1.6260472
0.1420000,1.6260472
0.1421250,1.6212116
0.1422500,1.6212116
0.1423750,1.6236294
0.1425000,1.6212116
0.1426250,1.6139581
0.1427500,1.6091225
0.1428750,1.6163759
0.1430000,1.6163759
0.1431250,1.6115403
0.1432500,1.6091225
0.1433750,1.6042868
0.1435000,1.6091225
0.1436250,1.5994512
0.1437500,1.5994512
0.1438750,1.6042868
0.1440000,1.5970333
0.1441250,1.5970333
0.1442500,1.6018690
0.1443750,1.5946155
0.1445000,1.5897799
0.1446250,1.5873620
0.1447500,1.5825264
0.1448750,1.5849442
0.1450000,1.5849442
0.1451250,1.5776907
0.1452500,1.5776907
0.1453750,1.5752729
0.1455000,1.5704373
0.1456250,1.5728551
0.1457500,1.5704373
0.1458750,1.5704373
0.1460000,1.5776907
0.1461250,1.5680194
0.1462500,1.5656016
0.1463750,1.5801086
0.1465000,1.5559303
0.1466250,1.5535125
0.1467500,1.5535125
0.1468750,1.5535125
0.1470000,1.5535125
0.1471250,1.5462590
0.1472500,1.5462590
0.1473750,1.5462590
0.1475000,1.5390055
0.1476250,1.5365877
0.1477500,1.5631838
0.1478750,1.5390055
0.1480000,1.5390055
0.1481250,1.5341699
0.1482500,1.5341699
0.1483750,1.5535125
0.1485000,1.5269164
0.1486250,1.5365877
0.1487500,1.5269164
0.1488750,1.5244986
0.1490000,1.5220808
0.1491250,1.5220808
0.1492500,1.5124095
0.1493750,1.5196630
0.1495000,1.5075738
0.1496250,1.5148273
0.1497500,1.5099917
0.1498750,1.5099917
0.1500000,1.5027382
0.1501250,1.5003204
0.1502500,1.5051560
0.1503750,1.5003204
0.1505000,1.5003204
0.1506250,1.4954847
0.1507500,1.4882312
0.1508750,1.4979025
0.1510000,1.5099917
0.1511250,1.4858134
0.1512500,1.4930669
0.1513750,1.4882312
0.1515000,1.4785599
0.1516250,1.4833956
0.1517500,1.4833956
0.1518750,1.4761421
0.1520000,1.4761421
0.1521250,1.4761421
0.1522500,1.4785599
0.1523750,1.4737243
0.1525000,1.4664708
0.1526250,1.4616352
0.1527500,1.4640530
0.1528750,1.4592174
0.1530000,1.4616352
0.1531250,1.4592174
0.1532500,1.4640530
0.1533750,1.4592174
0.1535000,1.3987717
0.1536250,1.4567995
0.1537500,1.4543817
0.1538750,1.4495461
0.1540000,1.4495461
0.1541250,1.4519639
0.1542500,1.4471282
0.1543750,1.4398748
0.1545000,1.4422926
0.1546250,1.4302035
0.1547500,1.4447104
0.1548750,1.4350391
0.1550000,1.4181143
0.1551250,1.4326213
0.1552500,1.4277856
0.1553750,1.4277856
0.1555000,1.4302035
0.1556250,1.4229500
0.1557500,1.4229500
0.1558750,1.4253678
0.1560000,1.4181143
0.1561250,1.4132787
0.1562500,1.4132787
0.1563750,1.4156965
0.1565000,1.4084430
0.1566250,1.4084430
0.1567500,1.4132787
0.1568750,1.4108609
0.1570000,1.4036074
0.1571250,1.3963539
0.1572500,1.3987717
0.1573750,1.3915183
0.1575000,1.3963539
0.1576250,1.3915183
0.1577500,1.3866826
0.1578750,1.3866826
0.1580000,1.3891004
0.1581250,1.3891004
0.1582500,1.3842648
0.1583750,1.3915183
0.1585000,1.3818470
0.1586250,1.3794292
0.1587500,1.3770113
0.1588750,1.3770113
0.1590000,1.3794292
0.1591250,1.3697579
0.1592500,1.3745935
0.1593750,1.3770113
0.1595000,1.4011896
0.1596250,1.2972231
0.1597500,1.3721757
0.1598750,1.3673400
0.1600000,1.3649222
0.1601250,1.3552509
0.1602500,1.3600866
0.1603750,1.3649222
0.1605000,1.3576687
0.1606250,1.3939361
0.1607500,1.3625044
0.1608750,1.3552509
0.1610000,1.3552509
0.1611250,1.3528331
0.1612500,1.3528331
0.1613750,1.3504153
0.1615000,1.3479974
0.1616250,1.3504153
0.1617500,1.3431618
0.1618750,1.3455796
0.1620000,1.3504153
0.1621250,1.3431618
0.1622500,1.3407440
0.1623750,1.3383261
0.1625000,1.3359083
0.1626250,1.3334905
0.1627500,1.3383261
0.1628750,1.3359083
0.1630000,1.3359083
0.1631250,1.3286548
0.1632500,1.3310727
0.1633750,1.3286548
0.1635000,1.3286548
0.1636250,1.3189835
0.1637500,1.3262370
0.1638750,1.3189835
0.1640000,1.3165657
0.1641250,1.3093122
0.1642500,1.3117301
0.1643750,1.3141479
0.1645000,1.3117301
0.1646250,1.3044766
0.1647500,1.3093122
0.1648750,1.3093122
0.1650000,1.3044766
0.1651250,1.3044766
0.1652500,1.3020588
0.1653750,1.3093122
0.1655000,1.2972231
0.1656250,1.2972231
0.1657500,1.3020588
0.1658750,1.2899697
0.1660000,1.2948053
0.1661250,1.3093122
0.1662500,1.2948053
0.1663750,1.2802984
0.1665000,1.2899697
0.1666250,1.2778805
0.1667500,1.2754627
0.1668750,1.2778805
0.1670000,1.2682092
0.1671250,1.2754627
0.1672500,1.2778805
0.1673750,1.2730449
0.1675000,1.2682092
0.1676250,1.2198528
0.1677500,1.2682092
0.1678750,1.2682092
0.1680000,1.2657914
0.1681250,1.2561201
0.1682500,1.2633736
0.1683750,1.2488666
0.1685000,1.2609558
0.1686250,1.2512845
0.1687500,1.2537023
0.1688750,1.1835854
0.1690000,1.2464488
0.1691250,1.2464488
0.1692500,1.2440310
0.1693750,1.2464488
0.1695000,1.2391953
0.1696250,1.2367775
0.1697500,1.2391953
0.1698750,1.2319419
0.1700000,1.2343597
0.1701250,1.2319419
0.1702500,1.2246884
0.1703750,1.2271062
0.1705000,1.2222706
0.1706250,1.2271062
0.1707500,1.2246884
0.1708750,1.2150171
0.1710000,1.2246884
0.1711250,1.2150171
0.1712500,1.2198528
0.1713750,1.2150171
0.1715000,1.2125993
0.1716250,1.2125993
0.1717500,1.2077636
0.1718750,1.2053458
0.1720000,1.2053458
0.1721250,1.2053458
0.1722500,1.2053458
0.1723750,1.2005102
0.1725000,1.1980923
0.1726250,1.2029280
0.1727500,1.2005102
0.1728750,1.1980923
0.1730000,1.1908389
0.1731250,1.1811676
0.1732500,1.1932567
0.1733750,1.1835854
0.1735000,1.1860032
0.1736250,1.1835854
0.1737500,1.1835854
0.1738750,1.1860032
0.1740000,1.1787497
0.1741250,1.1787497
0.1742500,1.1763319
0.1743750,1.1787497
0.1745000,1.1763319
0.1746250,1.1666606
0.1747500,1.1690784
0.1748750,1.1714963
0.1750000,1.1569893
0.1751250,1.1690784
0.1752500,1.1642428
0.1753750,1.1666606
0.1755000,1.1666606
0.1756250,1.1569893
0.1757500,1.1642428
0.1758750,1.1618250
0.1760000,1.1569893
0.1761250,1.1642428
0.1762500,1.1666606
0.1763750,1.1618250
0.1765000,1.1690784
0.1766250,1.1714963
0.1767500,1.1908389
0.1768750,1.2488666
0.1770000,1.2851340
0.1771250,1.3649222
0.1772500,1.4108609
0.1773750,1.4519639
0.1775000,1.5220808
0.1776250,1.5656016
0.1777500,1.5970333
0.1778750,1.6768215
0.1780000,1.7227602
0.1781250,1.7251780
0.1782500,1.7977127
0.1783750,1.8194732
0.1785000,1.8436514
0.1786250,1.8581583
0.1787500,1.8871722
0.1788750,1.9137683
0.1790000,1.9210218
0.1791250,1.9258574
0.1792500,1.9355287
0.1793750,1.9403644
0.1795000,1.9427822
0.1796250,1.9403644
0.1797500,1.9452000
0.1798750,1.9427822
0.1800000,1.9379465
0.1801250,1.9355287
0.1802500,1.9379465
0.1803750,1.9452000
0.1805000,1.9355287
0.1806250,1.8629940
0.1807500,1.9524535
0.1808750,1.9427822
0.1810000,1.9355287
0.1811250,1.9331109
0.1812500,1.9355287
0.1813750,1.9306931
0.1815000,1.9258574
0.1816250,1.9331109
0.1817500,1.9282752
0.1818750,1.9234396
0.1820000,1.9282752
0.1821250,1.9186039
0.1822500,1.9186039
0.1823750,1.9161861
0.1825000,1.9137683
0.1826250,1.9113505
0.1827500,1.9306931
0.1828750,1.9089327
0.1830000,1.9065148
0.1831250,1.8944257
0.1832500,1.8992614
0.1833750,1.8992614
0.1835000,1.8944257
0.1836250,1.8920079
0.1837500,1.8847544
0.1838750,1.8871722
0.1840000,1.8823366
0.1841250,1.9065148
0.1842500,1.8799188
0.1843750,1.8750831
0.1845000,1.8750831
0.1846250,1.9065148
0.1847500,1.8654118
0.1848750,1.8654118
0.1850000,1.8678296
0.1851250,1.8654118
0.1852500,1.8605762
0.1853750,1.8605762
0.1855000,1.8605762
0.1856250,1.8557405
0.1857500,1.8484870
0.1858750,1.8533227
0.1860000,1.8557405
0.1861250,1.8484870
0.1862500,1.8460692
0.1863750,1.8484870
0.1865000,1.8460692
0.1866250,1.8388157
0.1867500,1.8388157
0.1868750,1.8412336
0.1870000,1.8436514
0.1871250,1.8363979
0.1872500,1.8388157
0.1873750,1.8363979
0.1875000,1.8388157
0.1876250,1.8412336
0.1877500,1.8388157
0.1878750,1.8363979
0.1880000,1.8291445
0.1881250,1.8388157
0.1882500,1.8363979
0.1883750,1.8363979
0.1885000,1.8436514
0.1886250,1.8412336
0.1887500,1.8436514
0.1888750,1.8605762
0.1890000,1.8823366
0.1891250,1.8968435
0.1892500,1.9258574
0.1893750,1.9234396
0.1895000,1.9452000
0.1896250,1.9500357
0.1897500,1.9500357
0.1898750,1.9597070
0.1900000,1.9621248
0.1901250,1.9548713
0.1902500,1.9524535
0.1903750,1.9548713
0.1905000,1.9572891
0.1906250,1.9524535
0.1907500,1.9500357
0.1908750,1.9524535
0.1910000,1.9282752
0.1911250,1.9452000
0.1912500,1.9814674
0.1913750,1.9427822
0.1915000,1.9452000
0.1916250,1.9476178
0.1917500,1.9452000
0.1918750,1.9500357
0.1920000,1.9476178
0.1921250,1.9452000
0.1922500,1.9524535
0.1923750,1.9500357
0.1925000,1.9427822
0.1926250,1.9452000
0.1927500,1.9379465
0.1928750,1.9403644
0.1930000,1.9427822
0.1931250,1.9427822
0.1932500,1.9379465
0.1933750,1.9427822
0.1935000,1.9452000
0.1936250,1.9452000
0.1937500,1.9403644
0.1938750,1.9500357
0.1940000,1.9621248
0.1941250,1.9403644
0.1942500,1.9452000
0.1943750,1.9331109
0.1945000,1.9355287
0.1946250,1.9379465
0.1947500,1.9306931
0.1948750,1.9379465
0.1950000,1.9355287
0.1951250,1.9331109
0.1952500,1.9331109
0.1953750,1.9355287
0.1955000,1.9331109
0.1956250,1.9282752
0.1957500,1.9355287
0.1958750,1.9306931
0.1960000,1.9258574
0.1961250,1.9258574
0.1962500,1.9234396
0.1963750,1.9258574
0.1965000,1.9210218
0.1966250,1.9137683
0.1967500,1.9137683
0.1968750,1.9186039
0.1970000,1.8847544
0.1971250,1.9161861
0.1972500,1.9089327
0.1973750,1.9113505
0.1975000,1.9065148
0.1976250,1.9065148
0.1977500,1.9016792
0.1978750,1.9016792
0.1980000,1.8992614
0.1981250,1.9016792
0.1982500,1.9016792
0.1983750,1.8944257
0.1985000,1.8944257
0.1986250,1.8895901
0.1987500,1.8847544
0.1988750,1.8871722
0.1990000,1.8895901
0.1991250,1.8750831
0.1992500,1.8799188
0.1993750,1.8799188
0.1995000,1.8775009
0.1996250,1.8726653
0.1997500,1.8678296
0.1998750,1.8702475
0.2000000,1.8678296
0.2001250,1.8605762
0.2002500,1.8654118
0.2003750,1.8629940
0.2005000,1.8581583
0.2006250,1.8605762
0.2007500,1.8557405
0.2008750,1.8484870
0.2010000,1.8533227
0.2011250,1.8533227
0.2012500,1.8436514
0.2013750,1.8339801
0.2015000,1.8436514
0.2016250,1.8436514
0.2017500,1.8388157
0.2018750,1.8339801
0.2020000,1.8363979
0.2021250,1.8315623
0.2022500,1.8001306
0.2023750,1.8339801
0.2025000,1.8243088
0.2026250,1.8194732
0.2027500,1.8146375
0.2028750,1.8218910
0.2030000,1.8194732
0.2031250,1.8122197
0.2032500,1.8146375
0.2033750,1.8098019
0.2035000,1.8049662
0.2036250,1.8073840
0.2037500,1.8049662
0.2038750,1.8025484
0.2040000,1.7977127
0.2041250,1.7977127
0.2042500,1.7928771
0.2043750,1.7904593
0.2045000,1.7856236
0.2046250,1.7807880
0.2047500,1.7832058
0.2048750,1.7856236
0.2050000,1.7832058
0.2051250,1.7711167
0.2052500,1.7735345
0.2053750,1.7735345
0.2055000,1.7686988
0.2056250,1.7686988
0.2057500,1.7614454
0.2058750,1.7662810
0.2060000,1.7614454
0.2061250,1.7517741
0.2062500,1.7517741
0.2063750,1.7517741
0.2065000,1.7469384
0.2066250,1.7421028
0.2067500,1.7421028
0.2068750,1.7469384
0.2070000,1.7445206
0.2071250,1.7348493
0.2072500,1.7372671
0.2073750,1.7348493
0.2075000,1.7372671
0.2076250,1.7300137
0.2077500,1.7275958
0.2078750,1.7324315
0.2080000,1.7275958
0.2081250,1.7227602
0.2082500,1.7566097
0.2083750,1.7155067
0.2085000,1.7130889
0.2086250,1.7155067
0.2087500,1.7106711
0.2088750,1.7445206
0.2090000,1.7082532
0.2091250,1.7227602
0.2092500,1.6792394
0.2093750,1.7058354
0.2095000,1.6961641
0.2096250,1.7058354
0.2097500,1.6864928
0.2098750,1.6961641
0.2100000,1.6937463
0.2101250,1.6937463
0.2102500,1.6961641
0.2103750,1.6864928
0.2105000,1.6792394
0.2106250,1.6792394
0.2107500,1.6744037
0.2108750,1.6792394
0.2110000,1.6792394
0.2111250,1.6695681
0.2112500,1.6744037
0.2113750,1.6695681
0.2115000,1.6695681
0.2116250,1.6598968
0.2117500,1.6744037
0.2118750,1.6623146
0.2120000,1.6598968
0.2121250,1.6550611
0.2122500,1.6526433
0.2123750,1.6502255
0.2125000,1.6526433
0.2126250,1.6453898
0.2127500,1.6526433
0.2128750,1.6502255
0.2130000,1.6502255
0.2131250,1.6453898
0.2132500,1.6381363
0.2133750,1.6405542
0.2135000,1.6405542
0.2136250,1.6405542
0.2137500,1.6429720
0.2138750,1.6357185
0.2140000,1.6695681
0.2141250,1.6284650
0.2142500,1.6284650
0.2143750,1.6381363
0.2145000,1.6187937
0.2146250,1.6212116
0.2147500,1.6163759
0.2148750,1.6187937
0.2150000,1.6187937
0.2151250,1.6018690
0.2152500,1.6163759
0.2153750,1.6139581
0.2155000,1.6091225
0.2156250,1.6115403
0.2157500,1.6091225
0.2158750,1.6042868
0.2160000,1.5921977
0.2161250,1.6067046
0.2162500,1.6018690
0.2163750,1.5970333
0.2165000,1.5970333
0.2166250,1.5849442
0.2167500,1.5921977
0.2168750,1.5921977
0.2170000,1.5897799
0.2171250,1.5897799
0.2172500,1.5801086
0.2173750,1.5825264
0.2175000,1.5752729
0.2176250,1.5801086
0.2177500,1.5825264
0.2178750,1.5752729
0.2180000,1.5728551
0.2181250,1.5704373
0.2182500,1.5752729
0.2183750,1.5680194
0.2185000,1.5631838
0.2186250,1.5656016
0.2187500,1.5631838
0.2188750,1.5631838
0.2190000,1.5607660
0.2191250,1.5535125
0.2192500,1.5583481
0.2193750,1.5728551
0.2195000,1.5510947
0.2196250,1.5510947
0.2197500,1.5438412
0.2198750,1.5462590
0.2200000,1.5462590
0.2201250,1.5414234
0.2202500,1.5414234
0.2203750,1.5438412
0.2205000,1.5414234
0.2206250,1.5365877
0.2207500,1.5365877
0.2208750,1.5341699
0.2210000,1.5365877
0.2211250,1.5196630
0.2212500,1.5269164
0.2213750,1.5220808
0.2215000,1.5220808
0.2216250,1.5172451
0.2217500,1.5172451
0.2218750,1.5172451
0.2220000,1.5172451
0.2221250,1.5269164
0.2222500,1.5148273
0.2223750,1.5124095
0.2225000,1.5099917
0.2226250,1.5075738
0.2227500,1.5003204
0.2228750,1.5075738
0.2230000,1.5075738
0.2231250,1.5027382
0.2232500,1.5027382
0.2233750,1.5003204
0.2235000,1.5003204
0.2236250,1.4954847
0.2237500,1.4906491
0.2238750,1.4954847
0.2240000,1.4930669
0.2241250,1.4906491
0.2242500,1.4882312
0.2243750,1.4882312
0.2245000,1.4833956
0.2246250,1.4858134
0.2247500,1.4809778
0.2248750,1.4737243
0.2250000,1.4785599
0.2251250,1.4761421
0.2252500,1.4737243
0.2253750,1.4737243
0.2255000,1.4471282
0.2256250,1.4737243
0.2257500,1.4616352
0.2258750,1.4713065
0.2260000,1.4616352
0.2261250,1.4713065
0.2262500,1.4664708
0.2263750,1.4713065
0.2265000,1.4567995
0.2266250,1.4543817
0.2267500,1.4543817
0.2268750,1.4543817
0.2270000,1.4567995
0.2271250,1.4519639
0.2272500,1.4519639
0.2273750,1.4471282
0.2275000,1.4495461
0.2276250,1.4422926
0.2277500,1.4519639
0.2278750,1.4471282
0.2280000,1.4422926
0.2281250,1.4398748
0.2282500,1.4398748
0.2283750,1.4374569
0.2285000,1.4326213
0.2286250,1.4253678
0.2287500,1.4326213
0.2288750,1.4326213
0.2290000,1.4350391
0.2291250,1.4302035
0.2292500,1.4277856
0.2293750,1.4302035
0.2295000,1.4253678
0.2296250,1.4229500
0.2297500,1.4229500
0.2298750,1.4205322
0.2300000,1.4567995
0.2301250,1.4156965
0.2302500,1.4156965
0.2303750,1.4084430
0.2305000,1.4132787
0.2306250,1.4156965
0.2307500,1.4060252
0.2308750,1.4205322
0.2310000,1.4181143
0.2311250,1.4060252
0.2312500,1.4060252
0.2313750,1.4060252
0.2315000,1.4084430
0.2316250,1.4011896
0.2317500,1.3987717
0.2318750,1.3987717
0.2320000,1.4011896
0.2321250,1.3939361
0.2322500,1.3987717
0.2323750,1.3939361
0.2325000,1.3915183
0.2326250,1.3915183
0.2327500,1.3939361
0.2328750,1.3891004
0.2330000,1.3891004
0.2331250,1.3939361
0.2332500,1.3963539
0.2333750,1.3891004
0.2335000,1.3794292
0.2336250,1.3891004
0.2337500,1.3866826
0.2338750,1.3842648
0.2340000,1.3891004
0.2341250,1.3866826
0.2342500,1.3891004
0.2343750,1.3794292
0.2345000,1.3891004
0.2346250,1.3842648
0.2347500,1.3794292
0.2348750,1.3891004
0.2350000,1.3891004
0.2351250,1.3842648
0.2352500,1.3818470
0.2353750,1.3842648
0.2355000,1.3891004
0.2356250,1.3866826
0.2357500,1.3866826
0.2358750,1.3915183
0.2360000,1.3939361
0.2361250,1.4011896
0.2362500,1.4229500
0.2363750,1.4592174
0.2365000,1.5631838
0.2366250,1.6695681
0.2367500,1.7324315
0.2368750,1.8122197
0.2370000,1.9403644
0.2371250,2.0491665
0.2372500,2.1869824
0.2373750,2.2401746
0.2375000,2.3755727
0.2376250,2.4408540
0.2377500,2.5303135
0.2378750,2.6729651
0.2380000,2.7334107
0.2381250,2.8349593
0.2382500,2.9340901
0.2383750,2.9872822
0.2385000,3.0453100
0.2386250,3.0815774
0.2387500,3.1275160
0.2388750,3.1686191
0.2390000,3.1831260
0.2391250,3.2000508
0.2392500,3.2000508
0.2393750,3.2024686
0.2395000,3.2073042
0.2396250,3.2024686
0.2397500,3.2024686
0.2398750,3.1976330
0.2400000,3.1855438
0.2401250,3.1879617
0.2402500,3.1855438
0.2403750,3.1879617
0.2405000,3.1758725
0.2406250,3.1782904
0.2407500,3.1710369
0.2408750,3.1637834
0.2410000,3.1734547
0.2411250,3.1686191
0.2412500,3.1541121
0.2413750,3.1444408
0.2415000,3.1371873
0.2416250,3.1492765
0.2417500,3.1420230
0.2418750,3.1420230
0.2420000,3.1371873
0.2421250,3.1347695
0.2422500,3.1299339
0.2423750,3.1202626
0.2425000,3.1202626
0.2426250,3.1081735
0.2427500,3.1154269
0.2428750,3.1057556
0.2430000,3.1057556
0.2431250,3.1081735
0.2432500,3.1154269
0.2433750,3.0960843
0.2435000,3.0936665
0.2436250,3.0839952
0.2437500,3.0888309
0.2438750,3.0815774
0.2440000,3.0815774
0.2441250,3.0670704
0.2442500,3.0670704
0.2443750,3.0670704
0.2445000,3.0646526
0.2446250,3.0646526
0.2447500,3.0573991
0.2448750,3.0573991
0.2450000,3.0549813
0.2451250,3.0453100
0.2452500,3.0815774
0.2453750,3.0453100
0.2455000,3.0380566
0.2456250,3.0404744
0.2457500,3.0283853
0.2458750,3.0356387
0.2460000,3.0332209
0.2461250,3.0187140
0.2462500,3.0332209
0.2463750,3.0162961
0.2465000,3.0138783
0.2466250,3.0138783
0.2467500,3.0066248
0.2468750,3.0066248
0.2470000,3.0090427
0.2471250,2.9969535
0.2472500,3.0017892
0.2473750,2.9993714
0.2475000,2.9993714
0.2476250,3.0501457
0.2477500,3.0815774
0.2478750,3.1347695
0.2480000,3.2024686
0.2481250,3.2266468
0.2482500,3.2411538
0.2483750,3.2604964
0.2485000,3.2774211
0.2486250,3.2750033
0.2487500,3.2750033
0.2488750,3.2701677
0.2490000,3.2701677
0.2491250,3.2701677
0.2492500,3.2508251
0.2493750,3.2604964
0.2495000,3.2604964
0.2496250,3.2508251
0.2497500,3.2701677
0.2498750,3.2508251
0.2500000,3.2484073
0.2501250,3.2411538
0.2502500,3.2532429
0.2503750,3.2459894
0.2505000,3.2363181
0.2506250,3.2387360
0.2507500,3.2411538
0.2508750,3.2387360
0.2510000,3.2290647
0.2511250,3.2266468
0.2512500,3.2290647
0.2513750,3.2266468
0.2515000,3.2266468
0.2516250,3.2290647
0.2517500,3.2266468
0.2518750,3.2242290
0.2520000,3.2193934
0.2521250,3.2193934
0.2522500,3.2218112
0.2523750,3.2121399
0.2525000,3.2169755
0.2526250,3.2073042
0.2527500,3.2097221
0.2528750,3.2073042
0.2530000,3.2073042
0.2531250,3.2024686
0.2532500,3.2024686
0.2533750,3.2024686
0.2535000,3.2024686
0.2536250,3.1879617
0.2537500,3.1855438
0.2538750,3.1927973
0.2540000,3.2000508
0.2541250,3.1855438
0.2542500,3.1855438
0.2543750,3.1927973
0.2545000,3.1831260
0.2546250,3.1734547
0.2547500,3.1686191
0.2548750,3.1782904
0.2550000,3.1734547
0.2551250,3.1686191
0.2552500,3.1662012
0.2553750,3.1565299
0.2555000,3.1589478
0.2556250,3.1541121
0.2557500,3.1589478
0.2558750,3.1516943
0.2560000,3.1444408
0.2561250,3.1347695
0.2562500,3.1444408
0.2563750,3.1420230
0.2565000,3.1371873
0.2566250,3.1371873
0.2567500,3.1347695
0.2568750,3.1250982
0.2570000,3.1299339
0.2571250,3.1250982
0.2572500,3.1178448
0.2573750,3.1202626
0.2575000,3.1105913
0.2576250,3.1130091
0.2577500,3.1105913
0.2578750,3.1105913
0.2580000,3.1009200
0.2581250,3.1033378
0.2582500,3.0985022
0.2583750,3.0985022
0.2585000,3.0888309
0.2586250,3.0839952
0.2587500,3.0864130
0.2588750,3.0767417
0.2590000,3.0767417
0.2591250,3.0743239
0.2592500,3.0743239
0.2593750,3.0719061
0.2595000,3.0670704
0.2596250,3.0598170
0.2597500,3.0598170
0.2598750,3.0622348
0.2600000,3.0598170
0.2601250,3.0525635
0.2602500,3.0525635
0.2603750,3.0501457
0.2605000,3.0477278
0.2606250,3.0380566
0.2607500,3.0356387
0.2608750,3.0404744
0.2610000,3.0332209
0.2611250,3.0308031
0.2612500,3.0187140
0.2613750,3.0259674
0.2615000,3.0211318
0.2616250,3.0138783
0.2617500,3.0162961
0.2618750,3.0090427
0.2620000,3.0138783
0.2621250,3.0017892
0.2622500,3.0114605
0.2623750,2.9969535
0.2625000,2.9945357
0.2626250,2.9921179
0.2627500,2.9848644
0.2628750,2.9872822
0.2630000,2.9872822
0.2631250,2.9824466
0.2632500,2.9800288
0.2633750,2.9727753
0.2635000,2.9751931
0.2636250,2.9703575
0.2637500,2.9703575
0.2638750,2.9631040
0.2640000,2.9485971
0.2641250,2.9582684
0.2642500,2.9606862
0.2643750,2.9582684
0.2645000,2.9485971
0.2646250,2.9485971
0.2647500,2.9413436
0.2648750,2.9413436
0.2650000,2.9413436
0.2651250,2.9340901
0.2652500,2.9292545
0.2653750,2.9292545
0.2655000,2.9292545
0.2656250,2.9268366
0.2657500,2.9195832
0.2658750,2.9195832
0.2660000,2.9123297
0.2661250,2.9074940
0.2662500,2.9074940
0.2663750,2.9002406
0.2665000,2.9002406
0.2666250,2.8929871
0.2667500,2.8905693
0.2668750,2.8929871
0.2670000,2.8881515
0.2671250,2.8881515
0.2672500,2.8808980
0.2673750,2.8808980
0.2675000,2.8760623
0.2676250,2.8760623
0.2677500,2.8639732
0.2678750,2.8663910
0.2680000,2.8639732
0.2681250,2.8615554
0.2682500,2.8736445
0.2683750,2.8567197
0.2685000,2.8494663
0.2686250,2.8422128
0.2687500,2.8494663
0.2688750,2.8446306
0.2690000,2.8397950
0.2691250,2.8349593
0.2692500,2.8325415
0.2693750,2.8301237
0.2695000,2.8277058
0.2696250,2.8252880
0.2697500,2.8180346
0.2698750,2.8156167
0.2700000,2.8204524
0.2701250,2.8131989
0.2702500,2.8059454
0.2703750,2.8083633
0.2705000,2.8252880
0.2706250,2.7285751
0.2707500,2.7938563
0.2708750,2.7962741
0.2710000,2.7938563
0.2711250,2.7914385
0.2712500,2.7890207
0.2713750,2.7817672
0.2715000,2.7817672
0.2716250,2.7769315
0.2717500,2.7793494
0.2718750,2.7817672
0.2720000,2.7696781
0.2721250,2.7720959
0.2722500,2.7696781
0.2723750,2.7624246
0.2725000,2.7600068
0.2726250,2.7551711
0.2727500,2.7527533
0.2728750,2.7454998
0.2730000,2.7189038
0.2731250,2.7406642
0.2732500,2.7334107
0.2733750,2.7309929
0.2735000,2.7285751
0.2736250,2.7309929
0.2737500,2.7237394
0.2738750,2.7261572
0.2740000,2.7237394
0.2741250,2.7213216
0.2742500,2.7164859
0.2743750,2.7092325
0.2745000,2.7068146
0.2746250,2.7068146
0.2747500,2.7092325
0.2748750,2.6995612
0.2750000,2.7043968
0.2751250,2.6947255
0.2752500,2.6898899
0.2753750,2.6898899
0.2755000,2.6826364
0.2756250,2.6826364
0.2757500,2.6826364
0.2758750,2.6874720
0.2760000,2.6778007
0.2761250,2.6681295
0.2762500,2.6729651
0.2763750,2.6657116
0.2765000,2.6608760
0.2766250,2.6584582
0.2767500,2.6584582
0.2768750,2.6560403
0.2770000,2.6560403
0.2771250,2.6439512
0.2772500,2.6463690
0.2773750,2.6463690
0.2775000,2.6415334
0.2776250,2.6366977
0.2777500,2.6366977
0.2778750,2.6342799
0.2780000,2.6294443
0.2781250,2.6270264
0.2782500,2.6221908
0.2783750,2.6173551
0.2785000,2.6173551
0.2786250,2.6125195
0.2787500,2.6076838
0.2788750,2.6101017
0.2790000,2.6028482
0.2791250,2.5980125
0.2792500,2.5955947
0.2793750,2.5955947
0.2795000,2.5980125
0.2796250,2.5931769
0.2797500,2.5859234
0.2798750,2.5859234
0.2800000,2.5762521
0.2801250,2.5762521
0.2802500,2.5738343
0.2803750,2.5714165
0.2805000,2.5714165
0.2806250,2.5689987
0.2807500,2.5641630
0.2808750,2.5641630
0.2810000,2.5593274
0.2811250,2.5569095
0.2812500,2.5544917
0.2813750,2.5496561
0.2815000,2.5496561
0.2816250,2.5472382
0.2817500,2.5424026
0.2818750,2.5424026
0.2820000,2.5448204
0.2821250,2.5375669
0.2822500,2.5327313
0.2823750,2.5303135
0.2825000,2.5254778
0.2826250,2.5206422
0.2827500,2.5303135
0.2828750,2.5182243
0.2830000,2.5158065
0.2831250,2.5061352
0.2832500,2.5085531
0.2833750,2.5061352
0.2835000,2.5085531
0.2836250,2.4988818
0.2837500,2.4964639
0.2838750,2.4988818
0.2840000,2.5085531
0.2841250,2.4843748
0.2842500,2.4892105
0.2843750,2.4867926
0.2845000,2.4795392
0.2846250,2.4771213
0.2847500,2.4747035
0.2848750,2.4771213
0.2850000,2.4674500
0.2851250,2.4577787
0.2852500,2.4698679
0.2853750,2.4626144
0.2855000,2.4553609
0.2856250,2.4601966
0.2857500,2.4481074
0.2858750,2.4529431
0.2860000,2.4529431
0.2861250,2.4384362
0.2862500,2.4432718
0.2863750,2.4481074
0.2865000,2.4311827
0.2866250,2.4336005
0.2867500,2.4239292
0.2868750,2.4239292
0.2870000,2.4311827
0.2871250,2.4239292
0.2872500,2.4045866
0.2873750,2.4118401
0.2875000,2.4118401
0.2876250,2.4118401
0.2877500,2.4118401
0.2878750,2.4094223
0.2880000,2.4045866
0.2881250,2.4021688
0.2882500,2.3973331
0.2883750,2.3924975
0.2885000,2.3924975
0.2886250,2.3900797
0.2887500,2.3900797
0.2888750,2.3876618
0.2890000,2.3779905
0.2891250,2.3779905
0.2892500,2.3755727
0.2893750,2.3779905
0.2895000,2.3683192
0.2896250,2.3707371
0.2897500,2.3659014
0.2898750,2.3634836
0.2900000,2.3659014
0.2901250,2.3659014
0.2902500,2.3562301
0.2903750,2.3513945
0.2905000,2.3441410
0.2906250,2.3393054
0.2907500,2.3393054
0.2908750,2.3465588
0.2910000,2.3368875
0.2911250,2.3344697
0.2912500,2.3296341
0.2913750,2.3272162
0.2915000,2.3272162
0.2916250,2.3272162
0.2917500,2.3199628
0.2918750,2.3538123
0.2920000,2.3151271
0.2921250,2.3102915
0.2922500,2.3078736
0.2923750,2.3127093
0.2925000,2.3030380
0.2926250,2.3030380
0.2927500,2.2982023
0.2928750,2.2957845
0.2930000,2.2933667
0.2931250,2.2933667
0.2932500,2.2885311
0.2933750,2.2861132
0.2935000,2.2861132
0.2936250,2.2788598
0.2937500,2.2740241
0.2938750,2.2740241
0.2940000,2.2740241
0.2941250,2.2643528
0.2942500,2.2691885
0.2943750,2.2643528
0.2945000,2.2619350
0.2946250,2.2595172
0.2947500,2.2570993
0.2948750,2.2522637
0.2950000,2.2522637
0.2951250,2.2522637
0.2952500,2.2450102
0.2953750,2.2450102
0.2955000,2.2425924
0.2956250,2.2305033
0.2957500,2.2353389
0.2958750,2.2329211
0.2960000,2.2305033
0.2961250,2.2329211
0.2962500,2.2280854
0.2963750,2.2256676
0.2965000,2.2232498
0.2966250,2.2184141
0.2967500,2.2135785
0.2968750,2.2232498
0.2970000,2.2087429
0.2971250,2.2135785
0.2972500,2.2039072
0.2973750,2.2014894
0.2975000,2.1990716
0.2976250,2.1966537
0.2977500,2.1966537
0.2978750,2.2063250
0.2980000,2.1724755
0.2981250,2.1966537
0.2982500,2.1845646
0.2983750,2.1821468
0.2985000,2.1821468
0.2986250,2.1724755
0.2987500,2.1748933
0.2988750,2.1724755
0.2990000,2.1724755
0.2991250,2.1652220
0.2992500,2.1628042
0.2993750,2.1555507
0.2995000,2.1628042
0.2996250,2.1362081
0.2997500,2.1458794
0.2998750,2.1555507
0.3000000,2.1507151
0.3001250,2.1434616
0.3002500,2.1434616
0.3003750,2.1434616
0.3005000,2.1362081
0.3006250,2.1313725
0.3007500,2.1386260
0.3008750,2.1386260
0.3010000,2.1313725
0.3011250,2.1217012
0.3012500,2.1241190
0.3013750,2.1192834
0.3015000,2.1144477
0.3016250,2.1168655
0.3017500,2.1096121
0.3018750,2.1120299
0.3020000,2.1023586
0.3021250,2.1047764
0.3022500,2.0975229
0.3023750,2.1023586
0.3025000,2.0926873
0.3026250,2.0926873
0.3027500,2.0878516
0.3028750,2.0951051
0.3030000,2.0878516
0.3031250,2.0805982
0.3032500,2.0830160
0.3033750,2.0757625
0.3035000,2.0805982
0.3036250,2.0781803
0.3037500,2.0757625
0.3038750,2.0757625
0.3040000,2.0685090
0.3041250,2.0636734
0.3042500,2.0636734
0.3043750,2.0612556
0.3045000,2.0588378
0.3046250,2.0588378
0.3047500,2.0540021
0.3048750,2.0515843
0.3050000,2.0491665
0.3051250,2.0419130
0.3052500,2.0443308
0.3053750,2.0394952
0.3055000,2.0274060
0.3056250,2.0757625
0.3057500,2.0274060
0.3058750,2.0346595
0.3060000,2.0274060
0.3061250,2.0274060
0.3062500,2.0274060
0.3063750,2.0177347
0.3065000,2.0201526
0.3066250,2.0128991
0.3067500,2.0080634
0.3068750,2.0104813
0.3070000,2.0056456
0.3071250,2.0008100
0.3072500,2.0032278
0.3073750,1.9959743
0.3075000,1.9983921
0.3076250,2.0177347
0.3077500,1.9935565
0.3078750,1.9911387
0.3080000,1.9790496
0.3081250,1.9766317
0.3082500,1.9790496
0.3083750,1.9790496
0.3085000,1.9766317
0.3086250,1.9717961
0.3087500,1.9717961
0.3088750,1.9693783
0.3090000,1.9717961
0.3091250,1.9645426
0.3092500,1.9621248
0.3093750,1.9572891
0.3095000,1.9065148
0.3096250,1.9548713
0.3097500,1.9572891
0.3098750,1.9452000
0.3100000,1.9669604
0.3101250,1.9452000
0.3102500,1.9427822
0.3103750,1.9572891
0.3105000,1.9331109
0.3106250,1.9331109
0.3107500,1.9306931
0.3108750,1.9355287
0.3110000,1.9331109
0.3111250,1.9258574
0.3112500,1.9282752
0.3113750,1.9282752
0.3115000,1.9234396
0.3116250,1.9234396
0.3117500,1.9161861
0.3118750,1.9089327
0.3120000,1.9113505
0.3121250,1.9065148
0.3122500,1.9427822
0.3123750,1.9016792
0.3125000,1.9016792
0.3126250,1.8944257
0.3127500,1.8968435
0.3128750,1.8895901
0.3130000,1.8920079
0.3131250,1.8968435
0.3132500,1.8847544
0.3133750,1.8847544
0.3135000,1.8799188
0.3136250,1.8847544
0.3137500,1.8775009
0.3138750,1.8775009
0.3140000,1.8726653
0.3141250,1.8702475
0.3142500,1.8678296
0.3143750,1.8605762
0.3145000,1.8629940
0.3146250,1.8557405
0.3147500,1.8581583
0.3148750,1.8581583
0.3150000,1.8509049
0.3151250,1.8484870
0.3152500,1.8484870
0.3153750,1.8460692
0.3155000,1.8460692
0.3156250,1.8412336
0.3157500,1.8363979
0.3158750,1.8363979
0.3160000,1.8363979
0.3161250,1.8339801
0.3162500,1.8267266
0.3163750,1.7977127
0.3165000,1.8267266
0.3166250,1.8218910
0.3167500,1.8194732
0.3168750,1.8243088
0.3170000,1.8170553
0.3171250,1.8122197
0.3172500,1.8146375
0.3173750,1.8049662
0.3175000,1.8001306
0.3176250,1.8049662
0.3177500,1.7977127
0.3178750,1.8025484
0.3180000,1.7977127
0.3181250,1.7952949
0.3182500,1.7880414
0.3183750,1.7904593
0.3185000,1.7904593
0.3186250,1.7227602
0.3187500,1.7735345
0.3188750,1.7807880
0.3190000,1.7807880
0.3191250,1.7759523
0.3192500,1.7735345
0.3193750,1.7735345
0.3195000,1.7735345
0.3196250,1.7638632
0.3197500,1.7662810
0.3198750,1.7711167
0.3200000,1.7783701
0.3201250,1.7614454
0.3202500,1.7590276
0.3203750,1.7590276
0.3205000,1.7493563
0.3206250,1.7517741
0.3207500,1.7493563
0.3208750,1.7469384
0.3210000,1.7445206
0.3211250,1.7421028
0.3212500,1.7372671
0.3213750,1.7396850
0.3215000,1.7300137
0.3216250,1.7300137
0.3217500,1.7251780
0.3218750,1.7324315
0.3220000,1.7324315
0.3221250,1.7251780
0.3222500,1.7203424
0.3223750,1.7058354
0.3225000,1.7155067
0.3226250,1.7106711
0.3227500,1.7082532
0.3228750,1.7058354
0.3230000,1.7106711
0.3231250,1.7034176
0.3232500,1.6961641
0.3233750,1.7034176
0.3235000,1.7009998
0.3236250,1.6913285
0.3237500,1.7009998
0.3238750,1.6985819
0.3240000,1.6961641
0.3241250,1.6889106
0.3242500,1.6889106
0.3243750,1.6889106
0.3245000,1.6792394
0.3246250,1.6719859
0.3247500,1.6719859
0.3248750,1.6768215
0.3250000,1.6671502
0.3251250,1.6719859
0.3252500,1.6647324
0.3253750,1.6840750
0.3255000,1.6598968
0.3256250,1.6550611
0.3257500,1.6598968
0.3258750,1.6598968
0.3260000,1.6550611
0.3261250,1.6478076
0.3262500,1.6478076
0.3263750,1.6453898
0.3265000,1.6405542
0.3266250,1.6429720
0.3267500,1.6405542
0.3268750,1.6381363
0.3270000,1.6381363
0.3271250,1.6308829
0.3272500,1.6333007
0.3273750,1.6284650
0.3275000,1.6260472
0.3276250,1.6115403
0.3277500,1.6212116
0.3278750,1.6187937
0.3280000,1.6187937
0.3281250,1.6187937
0.3282500,1.6163759
0.3283750,1.6067046
0.3285000,1.6067046
0.3286250,1.6091225
0.3287500,1.6018690
0.3288750,1.5994512
0.3290000,1.5994512
0.3291250,1.5994512
0.3292500,1.5994512
0.3293750,1.6042868
0.3295000,1.5994512
0.3296250,1.5897799
0.3297500,1.6163759
0.3298750,1.5849442
0.3300000,1.5946155
0.3301250,1.5849442
0.3302500,1.5849442
0.3303750,1.5801086
0.3305000,1.5801086
0.3306250,1.5704373
0.3307500,1.5680194
0.3308750,1.5656016
0.3310000,1.5680194
0.3311250,1.5583481
0.3312500,1.5656016
0.3313750,1.5583481
0.3315000,1.5631838
0.3316250,1.5656016
0.3317500,1.5583481
0.3318750,1.5559303
0.3320000,1.5510947
0.3321250,1.5510947
0.3322500,1.5486768
0.3323750,1.5462590
0.3325000,1.5583481
0.3326250,1.5365877
0.3327500,1.5462590
0.3328750,1.5390055
0.3330000,1.5390055
0.3331250,1.5317521
0.3332500,1.5365877
0.3333750,1.5220808
0.3335000,1.5293343
0.3336250,1.5244986
0.3337500,1.5148273
0.3338750,1.5172451
0.3340000,1.5196630
0.3341250,1.5196630
0.3342500,1.5124095
0.3343750,1.5099917
0.3345000,1.5075738
0.3346250,1.5075738
0.3347500,1.5003204
0.3348750,1.5051560
0.3350000,1.5027382
0.3351250,1.5027382
0.3352500,1.5003204
0.3353750,1.4930669
0.3355000,1.4979025
0.3356250,1.4858134
0.3357500,1.4906491
0.3358750,1.4858134
0.3360000,1.4882312
0.3361250,1.4833956
0.3362500,1.4858134
0.3363750,1.4833956
0.3365000,1.4761421
0.3366250,1.4785599
0.3367500,1.4761421
0.3368750,1.4713065
0.3370000,1.4713065
0.3371250,1.4664708
0.3372500,1.4664708
0.3373750,1.4640530
0.3375000,1.4954847
0.3376250,1.4616352
0.3377500,1.4519639
0.3378750,1.4616352
0.3380000,1.4567995
0.3381250,1.4567995
0.3382500,1.4519639
0.3383750,1.4471282
0.3385000,1.4471282
0.3386250,1.4422926
0.3387500,1.4350391
0.3388750,1.4374569
0.3390000,1.4374569
0.3391250,1.4350391
0.3392500,1.4302035
0.3393750,1.4326213
0.3395000,1.4326213
0.3396250,1.4277856
0.3397500,1.4350391
0.3398750,1.4277856
0.3400000,1.4447104
0.3401250,1.3963539
0.3402500,1.4132787
0.3403750,1.4205322
0.3405000,1.4181143
0.3406250,1.4108609
0.3407500,1.4084430
0.3408750,1.4060252
0.3410000,1.4084430
0.3411250,1.3963539
0.3412500,1.4036074
0.3413750,1.3963539
0.3415000,1.3939361
0.3416250,1.3963539
0.3417500,1.3939361
0.3418750,1.3915183
0.3420000,1.3915183
0.3421250,1.3818470
0.3422500,1.3866826
0.3423750,1.3866826
0.3425000,1.3770113
0.3426250,1.3818470
0.3427500,1.3745935
0.3428750,1.3794292
0.3430000,1.3770113
0.3431250,1.3794292
0.3432500,1.3818470
0.3433750,1.3721757
0.3435000,1.3721757
0.3436250,1.3625044
0.3437500,1.3625044
0.3438750,1.3649222
0.3440000,1.3600866
0.3441250,1.3625044
0.3442500,1.3600866
0.3443750,1.3528331
0.3445000,1.3528331
0.3446250,1.3528331
0.3447500,1.3818470
0.3448750,1.3479974
0.3450000,1.3455796
0.3451250,1.3407440
0.3452500,1.3600866
0.3453750,1.3359083
0.3455000,1.3383261
0.3456250,1.3383261
0.3457500,1.3310727
0.3458750,1.3310727
0.3460000,1.3359083
0.3461250,1.3262370
0.3462500,1.3238192
0.3463750,1.3286548
0.3465000,1.3238192
0.3466250,1.3214014
0.3467500,1.3189835
0.3468750,1.3189835
0.3470000,1.3165657
0.3471250,1.2948053
0.3472500,1.3117301
0.3473750,1.3068944
0.3475000,1.3068944
0.3476250,1.2996410
0.3477500,1.3068944
0.3478750,1.3020588
0.3480000,1.2972231
0.3481250,1.2996410
0.3482500,1.2972231
0.3483750,1.2948053
0.3485000,1.2923875
0.3486250,1.2851340
0.3487500,1.2899697
0.3488750,1.2875518
0.3490000,1.2827162
0.3491250,1.2827162
0.3492500,1.2827162
0.3493750,1.2730449
0.3495000,1.2875518
0.3496250,1.2778805
0.3497500,1.2706271
0.3498750,1.2706271
0.3500000,1.2706271
0.3501250,1.2657914
0.3502500,1.2682092
0.3503750,1.2633736
0.3505000,1.2585379
0.3506250,1.2609558
0.3507500,1.2585379
0.3508750,1.2730449
0.3510000,1.2561201
0.3511250,1.2537023
0.3512500,1.2488666
0.3513750,1.2440310
0.3515000,1.2488666
0.3516250,1.2633736
0.3517500,1.2440310
0.3518750,1.2440310
0.3520000,1.2319419
0.3521250,1.2343597
0.3522500,1.2391953
0.3523750,1.2319419
0.3525000,1.2295241
0.3526250,1.2319419
0.3527500,1.2295241
0.3528750,1.2271062
0.3530000,1.2222706
0.3531250,1.2222706
0.3532500,1.2198528
0.3533750,1.2198528
0.3535000,1.2101815
0.3536250,1.2125993
0.3537500,1.2101815
0.3538750,1.2101815
0.3540000,1.2101815
0.3541250,1.2440310
0.3542500,1.2101815
0.3543750,1.2053458
0.3545000,1.1956745
0.3546250,1.1908389
0.3547500,1.1956745
0.3548750,1.1908389
0.3550000,1.1835854
0.3551250,1.1956745
0.3552500,1.1884210
0.3553750,1.1908389
0.3555000,1.1811676
0.3556250,1.1835854
0.3557500,1.1835854
0.3558750,1.1884210
0.3560000,1.1835854
0.3561250,1.1714963
0.3562500,1.1690784
0.3563750,1.1714963
0.3565000,1.1714963
0.3566250,1.1690784
0.3567500,1.1690784
0.3568750,1.1666606
0.3570000,1.1594071
0.3571250,1.1642428
0.3572500,1.1569893
0.3573750,1.1545715
0.3575000,1.1545715
0.3576250,1.1545715
0.3577500,1.1545715
0.3578750,1.1473180
0.3580000,1.1497359
0.3581250,1.1424824
0.3582500,1.1449002
0.3583750,1.1400646
0.3585000,1.1376467
0.3586250,1.1400646
0.3587500,1.1376467
0.3588750,1.1352289
0.3590000,1.1303933
0.3591250,1.1352289
0.3592500,1.1279754
0.3593750,1.1183041
0.3595000,1.1231398
0.3596250,1.1279754
0.3597500,1.1231398
0.3598750,1.1183041
0.3600000,1.1183041
0.3601250,1.1183041
0.3602500,1.1134685
0.3603750,1.1158863
0.3605000,1.1062150
0.3606250,1.1158863
0.3607500,1.1013794
0.3608750,1.1037972
0.3610000,1.1013794
0.3611250,1.1013794
0.3612500,1.1037972
0.3613750,1.0989615
0.3615000,1.0965437
0.3616250,1.0941259
0.3617500,1.0941259
0.3618750,1.0844546
0.3620000,1.0917081
0.3621250,1.0892902
0.3622500,1.0796190
0.3623750,1.0820368
0.3625000,1.0844546
0.3626250,1.0772011
0.3627500,1.0747833
0.3628750,1.0723655
0.3630000,1.0772011
0.3631250,1.0723655
0.3632500,1.0530229
0.3633750,1.0626942
0.3635000,1.0651120
0.3636250,1.0796190
0.3637500,1.0602764
0.3638750,1.0941259
0.3640000,1.0554407
0.3641250,1.0602764
0.3642500,1.0506051
0.3643750,1.0506051
0.3645000,1.0530229
0.3646250,1.0457694
0.3647500,1.0409338
0.3648750,1.0481872
0.3650000,1.0481872
0.3651250,1.0385159
0.3652500,1.0360981
0.3653750,1.0360981
0.3655000,1.0409338
0.3656250,1.0360981
0.3657500,1.0288446
0.3658750,1.0336803
0.3660000,1.0288446
0.3661250,1.0264268
0.3662500,1.0240090
0.3663750,1.0240090
0.3665000,1.0167555
0.3666250,1.0167555
0.3667500,1.0191733
0.3668750,1.0143377
0.3670000,1.0167555
0.3671250,1.0119199
0.3672500,1.0385159
0.3673750,1.0119199
0.3675000,1.0070842
0.3676250,1.0022486
0.3677500,1.0046664
0.3678750,0.9998308
0.3680000,0.9998308
0.3681250,0.9949951
0.3682500,0.9998308
0.3683750,0.9925773
0.3685000,0.9853238
0.3686250,0.9877416
0.3687500,0.9925773
0.3688750,0.9901595
0.3690000,0.9877416
0.3691250,0.9804882
0.3692500,0.9804882
0.3693750,0.9829060
0.3695000,0.9780703
0.3696250,0.9756525
0.3697500,0.9756525
0.3698750,0.9732347
0.3700000,0.9780703
0.3701250,0.9756525
0.3702500,0.9683990
0.3703750,0.9659812
0.3705000,0.9611456
0.3706250,0.9611456
0.3707500,0.9587277
0.3708750,0.9563099
0.3710000,0.9563099
0.3711250,0.9587277
0.3712500,0.9538921
0.3713750,0.9538921
0.3715000,0.9514743
0.3716250,0.9490564
0.3717500,0.9514743
0.3718750,0.9466386
0.3720000,0.9490564
0.3721250,0.9418030
0.3722500,0.9442208
0.3723750,0.9393851
0.3725000,0.9418030
0.3726250,0.9297139
0.3727500,0.9272960
0.3728750,0.9297139
0.3730000,0.9321317
0.3731250,0.9297139
0.3732500,0.9321317
0.3733750,0.9248782
0.3735000,0.9200426
0.3736250,0.9200426
0.3737500,0.9224604
0.3738750,0.9176247
0.3740000,0.9152069
0.3741250,0.9127891
0.3742500,0.9103713
0.3743750,0.9079534
0.3745000,0.9055356
0.3746250,0.9055356
0.3747500,0.9031178
0.3748750,0.9031178
0.3750000,0.8958643
0.3751250,0.9031178
0.3752500,0.8958643
0.3753750,0.9031178
0.3755000,0.8934465
0.3756250,0.8982821
0.3757500,0.8861930
0.3758750,0.8837752
0.3760000,0.8136583
0.3761250,0.8837752
0.3762500,0.8910287
0.3763750,0.8837752
0.3765000,0.8789395
0.3766250,0.8765217
0.3767500,0.8741039
0.3768750,0.8716861
0.3770000,0.8765217
0.3771250,0.8692682
0.3772500,0.8716861
0.3773750,0.8644326
0.3775000,0.8620148
0.3776250,0.8620148
0.3777500,0.8620148
0.3778750,0.8595969
0.3780000,0.8620148
0.3781250,0.8595969
0.3782500,0.8523435
0.3783750,0.8523435
0.3785000,0.8523435
0.3786250,0.8523435
0.3787500,0.8426722
0.3788750,0.8450900
0.3790000,0.8426722
0.3791250,0.8450900
0.3792500,0.8426722
0.3793750,0.8330009
0.3795000,0.8281652
0.3796250,0.8378365
0.3797500,0.8281652
0.3798750,0.8233296
0.3800000,0.8305831
0.3801250,0.8257474
0.3802500,0.8281652
0.3803750,0.8257474
0.3805000,0.8257474
0.3806250,0.7991513
0.3807500,0.8257474
0.3808750,0.8209118
0.3810000,0.8088226
0.3811250,0.8136583
0.3812500,0.8136583
0.3813750,0.8088226
0.3815000,0.8112405
0.3816250,0.8064048
0.3817500,0.7991513
0.3818750,0.7991513
0.3820000,0.7894800
0.3821250,0.7991513
0.3822500,0.7918979
0.3823750,0.7991513
0.3825000,0.7918979
0.3826250,0.7894800
0.3827500,0.7943157
0.3828750,0.7943157
0.3830000,0.7870622
0.3831250,0.7846444
0.3832500,0.7846444
0.3833750,0.7846444
0.3835000,0.7773909
0.3836250,0.7798088
0.3837500,0.7798088
0.3838750,0.7749731
0.3840000,0.7653018
0.3841250,0.7338701
0.3842500,0.7653018
0.3843750,0.7725553
0.3845000,0.7604662
0.3846250,0.7628840
0.3847500,0.7653018
0.3848750,0.7628840
0.3850000,0.7604662
0.3851250,0.7580483
0.3852500,0.7556305
0.3853750,0.7532127
0.3855000,0.7556305
0.3856250,0.7507949
0.3857500,0.7483770
0.3858750,0.7532127
0.3860000,0.7677196
0.3861250,0.7435414
0.3862500,0.7435414
0.3863750,0.7387057
0.3865000,0.7338701
0.3866250,0.7387057
0.3867500,0.7266166
0.3868750,0.7362879
0.3870000,0.7338701
0.3871250,0.7314523
0.3872500,0.7459592
0.3873750,0.7266166
0.3875000,0.7217810
0.3876250,0.7241988
0.3877500,0.7217810
0.3878750,0.7217810
0.3880000,0.7217810
0.3881250,0.7096918
0.3882500,0.7169453
0.3883750,0.7121097
0.3885000,0.7145275
0.3886250,0.7072740
0.3887500,0.7072740
0.3888750,0.7024384
0.3890000,0.7072740
0.3891250,0.7048562
0.3892500,0.7024384
0.3893750,0.6976027
0.3895000,0.7048562
0.3896250,0.6976027
0.3897500,0.6976027
0.3898750,0.6927671
0.3900000,0.6927671
0.3901250,0.6879314
0.3902500,0.6927671
0.3903750,0.6855136
0.3905000,0.6830958
0.3906250,0.6830958
0.3907500,0.6806780
0.3908750,0.6830958
0.3910000,0.6782601
0.3911250,0.6782601
0.3912500,0.6758423
0.3913750,0.6782601
0.3915000,0.6710067
0.3916250,0.6734245
0.3917500,0.6734245
0.3918750,0.6710067
0.3920000,0.6637532
0.3921250,0.6613354
0.3922500,0.6637532
0.3923750,0.6589175
0.3925000,0.6540819
0.3926250,0.6564997
0.3927500,0.6613354
0.3928750,0.6516641
0.3930000,0.6516641
0.3931250,0.6492462
0.3932500,0.6492462
0.3933750,0.6516641
0.3935000,0.6395749
0.3936250,0.6516641
0.3937500,0.6444106
0.3938750,0.6444106
0.3940000,0.6419928
0.3941250,0.6371571
0.3942500,0.6347393
0.3943750,0.6347393
0.3945000,0.6323215
0.3946250,0.6274858
0.3947500,0.6299036
0.3948750,0.6299036
0.3950000,0.6299036
0.3951250,0.6274858
0.3952500,0.6250680
0.3953750,0.6178145
0.3955000,0.6178145
0.3956250,0.6202324
0.3957500,0.6153967
0.3958750,0.6178145
0.3960000,0.6178145
0.3961250,0.6129789
0.3962500,0.6081432
0.3963750,0.6105611
0.3965000,0.5960541
0.3966250,0.6081432
0.3967500,0.6033076
0.3968750,0.6033076
0.3970000,0.6057254
0.3971250,0.5888006
0.3972500,0.5984719
0.3973750,0.5984719
0.3975000,0.5936363
0.3976250,0.5936363
0.3977500,0.5888006
0.3978750,0.5863828
0.3980000,0.5863828
0.3981250,0.5815472
0.3982500,0.5767115
0.3983750,0.5839650
0.3985000,0.5767115
0.3986250,0.5791293
0.3987500,0.5767115
0.3988750,0.5791293
0.3990000,0.5767115
0.3991250,0.5694580
0.3992500,0.5718759
0.3993750,0.5718759
0.3995000,0.5670402
0.3996250,0.5718759
0.3997500,0.5670402
0.3998750,0.5694580
0.4000000,0.5573689
0.4001250,0.5622046
0.4002500,0.5646224
0.4003750,0.5549511
0.4005000,0.5573689
0.4006250,0.5549511
0.4007500,0.5549511
0.4008750,0.5501155
0.4010000,0.5549511
0.4011250,0.5476976
0.4012500,0.5452798
0.4013750,0.5501155
0.4015000,0.5718759
0.4016250,0.5525333
0.4017500,0.5428620
0.4018750,0.5452798
0.4020000,0.5428620
0.4021250,0.5380263
0.4022500,0.5404442
0.4023750,0.5356085
0.4025000,0.5307729
0.4026250,0.5307729
0.4027500,0.5283550
0.4028750,0.5283550
0.4030000,0.5331907
0.4031250,0.5307729
0.4032500,0.5186837
0.4033750,0.5259372
0.4035000,0.5211016
0.4036250,0.5186837
0.4037500,0.5211016
0.4038750,0.5235194
0.4040000,0.5235194
0.4041250,0.5041768
0.4042500,0.5138481
0.4043750,0.5235194
0.4045000,0.5162659
0.4046250,0.5041768
0.4047500,0.5307729
0.4048750,0.5017590
0.4050000,0.5065946
0.4051250,0.5041768
0.4052500,0.4993411
0.4053750,0.4993411
0.4055000,0.4945055
0.4056250,0.4945055
0.4057500,0.4993411
0.4058750,0.4896698
0.4060000,0.4945055
0.4061250,0.4920877
0.4062500,0.4896698
0.4063750,0.4872520
0.4065000,0.4751629
0.4066250,0.4824164
0.4067500,0.4751629
0.4068750,0.4824164
0.4070000,0.4799985
0.4071250,0.4775807
0.4072500,0.4799985
0.4073750,0.4751629
0.4075000,0.4727451
0.4076250,0.4775807
0.4077500,0.4703273
0.4078750,0.4703273
0.4080000,0.4679094
0.4081250,0.4727451
0.4082500,0.4703273
0.4083750,0.4679094
0.4085000,0.4679094
0.4086250,0.4606560
0.4087500,0.4582381
0.4088750,0.4534025
0.4090000,0.4461490
0.4091250,0.4558203
0.4092500,0.4558203
0.4093750,0.4509847
0.4095000,0.4461490
0.4096250,0.4461490
0.4097500,0.4534025
0.4098750,0.4509847
0.4100000,0.4509847
0.4101250,0.4485668
0.4102500,0.4437312
0.4103750,0.4364777
0.4105000,0.4461490
0.4106250,0.4316421
0.4107500,0.4340599
0.4108750,0.4316421
0.4110000,0.4316421
0.4111250,0.4654916
0.4112500,0.4316421
0.4113750,0.4243886
0.4115000,0.4292242
0.4116250,0.4243886
0.4117500,0.4219708
0.4118750,0.4219708
0.4120000,0.4219708
0.4121250,0.4219708
0.4122500,0.4122995
0.4123750,0.4147173
0.4125000,0.4171351
0.4126250,0.4074638
0.4127500,0.4098816
0.4128750,0.4122995
0.4130000,0.4050460
0.4131250,0.4026282
0.4132500,0.4122995
0.4133750,0.4074638
0.4135000,0.4098816
0.4136250,0.4050460
0.4137500,0.3857034
0.4138750,0.3977925
0.4140000,0.4050460
0.4141250,0.3905391
0.4142500,0.3929569
0.4143750,0.3929569
0.4145000,0.3905391
0.4146250,0.3905391
0.4147500,0.3881212
0.4148750,0.3881212
0.4150000,0.3881212
0.4151250,0.3808678
0.4152500,0.3857034
0.4153750,0.3784499
0.4155000,0.3711965
0.4156250,0.3832856
0.4157500,0.3857034
0.4158750,0.3736143
0.4160000,0.3808678
0.4161250,0.3711965
0.4162500,0.3760321
0.4163750,0.3760321
0.4165000,0.3711965
0.4166250,0.3711965
0.4167500,0.3711965
0.4168750,0.3663608
0.4170000,0.3663608
0.4171250,0.3663608
0.4172500,0.3711965
0.4173750,0.3615252
0.4175000,0.3566895
0.4176250,0.3591073
0.4177500,0.3566895
0.4178750,0.3566895
0.4180000,0.3591073
0.4181250,0.3591073
0.4182500,0.3518539
0.4183750,0.3518539
0.4185000,0.3421826
0.4186250,0.3494360
0.4187500,0.3421826
0.4188750,0.3470182
0.4190000,0.3446004
0.4191250,0.3397647
0.4192500,0.3446004
0.4193750,0.3421826
0.4195000,0.3373469
0.4196250,0.3397647
0.4197500,0.3325113
0.4198750,0.3591073
0.4200000,0.3349291
0.4201250,0.3300934
0.4202500,0.3228400
0.4203750,0.3325113
0.4205000,0.3252578
0.4206250,0.3300934
0.4207500,0.3252578
0.4208750,0.3300934
0.4210000,0.3228400
0.4211250,0.3204222
0.4212500,0.3180043
0.4213750,0.3204222
0.4215000,0.3180043
0.4216250,0.3131687
0.4217500,0.3180043
0.4218750,0.3107509
0.4220000,0.3180043
0.4221250,0.3083330
0.4222500,0.3155865
0.4223750,0.3107509
0.4225000,0.3131687
0.4226250,0.3131687
0.4227500,0.3107509
0.4228750,0.3059152
0.4230000,0.3010796
0.4231250,0.3059152
0.4232500,0.2962439
0.4233750,0.2986617
0.4235000,0.2962439
0.4236250,0.2914083
0.4237500,0.2986617
0.4238750,0.3034974
0.4240000,0.2914083
0.4241250,0.2938261
0.4242500,0.2962439
0.4243750,0.2914083
0.4245000,0.2938261
0.4246250,0.2914083
0.4247500,0.2817370
0.4248750,0.2865726
0.4250000,0.2793191
0.4251250,0.2817370
0.4252500,0.2793191
0.4253750,0.2841548
0.4255000,0.2793191
0.4256250,0.2793191
0.4257500,0.2793191
0.4258750,0.2720657
0.4260000,0.2769013
0.4261250,0.2696478
0.4262500,0.2769013
0.4263750,0.2696478
0.4265000,0.2696478
0.4266250,0.2648122
0.4267500,0.2623944
0.4268750,0.2672300
0.4270000,0.2623944
0.4271250,0.2623944
0.4272500,0.2648122
0.4273750,0.2623944
0.4275000,0.2889904
0.4276250,0.2623944
0.4277500,0.2623944
0.4278750,0.2551409
0.4280000,0.2454696
0.4281250,0.2599765
0.4282500,0.2551409
0.4283750,0.2599765
0.4285000,0.2309627
0.4286250,0.2527231
0.4287500,0.2454696
0.4288750,0.2478874
0.4290000,0.2430518
0.4291250,0.2623944
0.4292500,0.2454696
0.4293750,0.2430518
0.4295000,0.2430518
0.4296250,0.2430518
0.4297500,0.2382161
0.4298750,0.2333805
0.4300000,0.2382161
0.4301250,0.2333805
0.4302500,0.2333805
0.4303750,0.2382161
0.4305000,0.2285448
0.4306250,0.2357983
0.4307500,0.2357983
0.4308750,0.2309627
0.4310000,0.2309627
0.4311250,0.2285448
0.4312500,0.2285448
0.4313750,0.2261270
0.4315000,0.2285448
0.4316250,0.2212914
0.4317500,0.2237092
0.4318750,0.2285448
0.4320000,0.2164557
0.4321250,0.2212914
0.4322500,0.2237092
0.4323750,0.2188735
0.4325000,0.2164557
0.4326250,0.2164557
0.4327500,0.2140379
0.4328750,0.2164557
0.4330000,0.2140379
0.4331250,0.2188735
0.4332500,0.2140379
0.4333750,0.2140379
0.4335000,0.2067844
0.4336250,0.2140379
0.4337500,0.2067844
0.4338750,0.2237092
0.4340000,0.2140379
0.4341250,0.2092022
0.4342500,0.2092022
0.4343750,0.1946953
0.4345000,0.1995309
0.4346250,0.2188735
0.4347500,0.1971131
0.4348750,0.2043666
0.4350000,0.2019488
0.4351250,0.2019488
0.4352500,0.1946953
0.4353750,0.1971131
0.4355000,0.1995309
0.4356250,0.1946953
0.4357500,0.1946953
0.4358750,0.1995309
0.4360000,0.1971131
0.4361250,0.1898596
0.4362500,0.1874418
0.4363750,0.1922775
0.4365000,0.1874418
0.4366250,0.1826062
0.4367500,0.1898596
0.4368750,0.1898596
0.4370000,0.1898596
0.4371250,0.1898596
0.4372500,0.1826062
0.4373750,0.1898596
0.4375000,0.1874418
0.4376250,0.1826062
0.4377500,0.1898596
0.4378750,0.1850240
0.4380000,0.1874418
0.4381250,0.1801883
0.4382500,0.1826062
0.4383750,0.1801883
0.4385000,0.1777705
0.4386250,0.1753527
0.4387500,0.1705171
0.4388750,0.1753527
0.4390000,0.1801883
0.4391250,0.1753527
0.4392500,0.1729349
0.4393750,0.1801883
0.4395000,0.1729349
0.4396250,0.1753527
0.4397500,0.1705171
0.4398750,0.1729349
0.4400000,0.1729349
0.4401250,0.1705171
0.4402500,0.1705171
0.4403750,0.1656814
0.4405000,0.1705171
0.4406250,0.1922775
0.4407500,0.1705171
0.4408750,0.1656814
0.4410000,0.1632636
0.4411250,0.1680992
0.4412500,0.1584279
0.4413750,0.1680992
0.4415000,0.1656814
0.4416250,0.1656814
0.4417500,0.1632636
0.4418750,0.1680992
0.4420000,0.1705171
0.4421250,0.1656814
0.4422500,0.1632636
0.4423750,0.1608458
0.4425000,0.1656814
0.4426250,0.1777705
0.4427500,0.1608458
0.4428750,0.1584279
0.4430000,0.1656814
0.4431250,0.1632636
0.4432500,0.1560101
0.4433750,0.1584279
0.4435000,0.1632636
0.4436250,0.1584279
0.4437500,0.1608458
0.4438750,0.1608458
0.4440000,0.1608458
0.4441250,0.1560101
0.4442500,0.1608458
0.4443750,0.1608458
0.4445000,0.1560101
0.4446250,0.1560101
0.4447500,0.1560101
0.4448750,0.1584279
0.4450000,0.1535923
0.4451250,0.1535923
0.4452500,0.1560101
0.4453750,0.1511745
0.4455000,0.1560101
0.4456250,0.1560101
0.4457500,0.1439210
0.4458750,0.1511745
0.4460000,0.1584279
0.4461250,0.1560101
0.4462500,0.1511745
0.4463750,0.1511745
0.4465000,0.1584279
0.4466250,0.1366675
0.4467500,0.1511745
0.4468750,0.1511745
0.4470000,0.1535923
0.4471250,0.1487566
0.4472500,0.1511745
0.4473750,0.1487566
0.4475000,0.1463388
0.4476250,0.1511745
0.4477500,0.1560101
0.4478750,0.1463388
0.4480000,0.1874418
0.4481250,0.1463388
0.4482500,0.1535923
0.4483750,0.1535923
0.4485000,0.1487566
0.4486250,0.1415032
0.4487500,0.1560101
0.4488750,0.1584279
0.4490000,0.1535923
0.4491250,0.1535923
0.4492500,0.1439210
0.4493750,0.1487566
0.4495000,0.1511745
0.4496250,0.1511745
0.4497500,0.1463388
0.4498750,0.1487566
0.4500000,0.1487566
0.4501250,0.1511745
0.4502500,0.1511745
0.4503750,0.1535923
0.4505000,0.1463388
0.4506250,0.1487566
0.4507500,0.1463388
0.4508750,0.1511745
0.4510000,0.1439210
0.4511250,0.1487566
0.4512500,0.1753527
0.4513750,0.1487566
0.4515000,0.1463388
0.4516250,0.1294140
0.4517500,0.1439210
0.4518750,0.1511745
0.4520000,0.1487566
0.4521250,0.1439210
0.4522500,0.1390853
0.4523750,0.1487566
0.4525000,0.1463388
0.4526250,0.1415032
0.4527500,0.1463388
0.4528750,0.1463388
0.4530000,0.1439210
0.4531250,0.1439210
0.4532500,0.1487566
0.4533750,0.1535923
0.4535000,0.1487566
0.4536250,0.1560101
0.4537500,0.1511745
0.4538750,0.1463388
0.4540000,0.1463388
0.4541250,0.1439210
0.4542500,0.1390853
0.4543750,0.1390853
0.4545000,0.1415032
0.4546250,0.1439210
0.4547500,0.1463388
0.4548750,0.1463388
0.4550000,0.1439210
0.4551250,0.1487566
0.4552500,0.1439210
0.4553750,0.1463388
0.4555000,0.1511745
0.4556250,0.1463388
0.4557500,0.1415032
0.4558750,0.1415032
0.4560000,0.1439210
0.4561250,0.1463388
0.4562500,0.1439210
0.4563750,0.1415032
0.4565000,0.1463388
0.4566250,0.1487566
0.4567500,0.1487566
0.4568750,0.1463388
0.4570000,0.1511745
0.4571250,0.1511745
0.4572500,0.1439210
0.4573750,0.1463388
0.4575000,0.1439210
0.4576250,0.1439210
0.4577500,0.1463388
0.4578750,0.1390853
0.4580000,0.1439210
0.4581250,0.1463388
0.4582500,0.1415032
0.4583750,0.1390853
0.4585000,0.1439210
0.4586250,0.0810576
0.4587500,0.1415032
0.4588750,0.1439210
0.4590000,0.1415032
0.4591250,0.1439210
0.4592500,0.1439210
0.4593750,0.1439210
0.4595000,0.1439210
0.4596250,0.1487566
0.4597500,0.1390853
0.4598750,0.1439210
0.4600000,0.1439210
0.4601250,0.1390853
0.4602500,0.1439210
0.4603750,0.1415032
0.4605000,0.1390853
0.4606250,0.1463388
0.4607500,0.1415032
0.4608750,0.1439210
0.4610000,0.1439210
0.4611250,0.1439210
0.4612500,0.1439210
0.4613750,0.1390853
0.4615000,0.1463388
0.4616250,0.1390853
0.4617500,0.1439210
0.4618750,0.1415032
0.4620000,0.1439210
0.4621250,0.1415032
0.4622500,0.1439210
0.4623750,0.1415032
0.4625000,0.1439210
0.4626250,0.1463388
0.4627500,0.1390853
0.4628750,0.1439210
0.4630000,0.1463388
0.4631250,0.1390853
0.4632500,0.1415032
0.4633750,0.1366675
0.4635000,0.1415032
0.4636250,0.1415032
0.4637500,0.1415032
0.4638750,0.1439210
0.4640000,0.1439210
0.4641250,0.1439210
0.4642500,0.1439210
0.4643750,0.1390853
0.4645000,0.1439210
0.4646250,0.1439210
0.4647500,0.1294140
0.4648750,0.1415032
0.4650000,0.1439210
0.4651250,0.1390853
0.4652500,0.1415032
0.4653750,0.1439210
0.4655000,0.1415032
0.4656250,0.1463388
0.4657500,0.1463388
0.4658750,0.1390853
0.4660000,0.1439210
0.4661250,0.1415032
0.4662500,0.1439210
0.4663750,0.1439210
0.4665000,0.1415032
0.4666250,0.1415032
0.4667500,0.1390853
0.4668750,0.1439210
0.4670000,0.1415032
0.4671250,0.1487566
0.4672500,0.1463388
0.4673750,0.1463388
0.4675000,0.1415032
0.4676250,0.1390853
0.4677500,0.1463388
0.4678750,0.1463388
0.4680000,0.1463388
0.4681250,0.1463388
0.4682500,0.1439210
0.4683750,0.1415032
0.4685000,0.1390853
0.4686250,0.1415032
0.4687500,0.1463388
0.4688750,0.1415032
0.4690000,0.1439210
0.4691250,0.1415032
0.4692500,0.1439210
0.4693750,0.1487566
0.4695000,0.1463388
0.4696250,0.1463388
0.4697500,0.1463388
0.4698750,0.1463388
0.4700000,0.1245784
0.4701250,0.1487566
0.4702500,0.1463388
0.4703750,0.1390853
0.4705000,0.1439210
0.4706250,0.1439210
0.4707500,0.1439210
0.4708750,0.1390853
0.4710000,0.1390853
0.4711250,0.1439210
0.4712500,0.1463388
0.4713750,0.1487566
0.4715000,0.1390853
0.4716250,0.1487566
0.4717500,0.1415032
0.4718750,0.1439210
0.4720000,0.1390853
0.4721250,0.1390853
0.4722500,0.1487566
0.4723750,0.1415032
0.4725000,0.1463388
0.4726250,0.1415032
0.4727500,0.1463388
0.4728750,0.1390853
0.4730000,0.1439210
0.4731250,0.1463388
0.4732500,0.1463388
0.4733750,0.1439210
0.4735000,0.1415032
0.4736250,0.1439210
0.4737500,0.1463388
0.4738750,0.1463388
0.4740000,0.1463388
0.4741250,0.1390853
0.4742500,0.1439210
0.4743750,0.1366675
0.4745000,0.1511745
0.4746250,0.1439210
0.4747500,0.1415032
0.4748750,0.1439210
0.4750000,0.1415032
0.4751250,0.1439210
0.4752500,0.1463388
0.4753750,0.1487566
0.4755000,0.1439210
0.4756250,0.1439210
0.4757500,0.1415032
0.4758750,0.1415032
0.4760000,0.1463388
0.4761250,0.1439210
0.4762500,0.1415032
0.4763750,0.1390853
0.4765000,0.1439210
0.4766250,0.1439210
0.4767500,0.1415032
0.4768750,0.1463388
0.4770000,0.1439210
0.4771250,0.1366675
0.4772500,0.1487566
0.4773750,0.1439210
0.4775000,0.1415032
0.4776250,0.1463388
0.4777500,0.1366675
0.4778750,0.1366675
0.4780000,0.1463388
0.4781250,0.1415032
0.4782500,0.1656814
0.4783750,0.1415032
0.4785000,0.1415032
0.4786250,0.1439210
0.4787500,0.1415032
0.4788750,0.1415032
0.4790000,0.1439210
0.4791250,0.1390853
0.4792500,0.1463388
0.4793750,0.1390853
0.4795000,0.1390853
0.4796250,0.1415032
0.4797500,0.1415032
0.4798750,0.1439210
0.4800000,0.1415032
0.4801250,0.1390853
0.4802500,0.1439210
0.4803750,0.1390853
0.4805000,0.1390853
0.4806250,0.1390853
0.4807500,0.1439210
0.4808750,0.1632636
0.4810000,0.1439210
0.4811250,0.1463388
0.4812500,0.1415032
0.4813750,0.1415032
0.4815000,0.1487566
0.4816250,0.1463388
0.4817500,0.1463388
0.4818750,0.1439210
0.4820000,0.1487566
0.4821250,0.1463388
0.4822500,0.1463388
0.4823750,0.1415032
0.4825000,0.1415032
0.4826250,0.1415032
0.4827500,0.1390853
0.4828750,0.1463388
0.4830000,0.1415032
0.4831250,0.1463388
0.4832500,0.1439210
0.4833750,0.1439210
0.4835000,0.1439210
0.4836250,0.1439210
0.4837500,0.1439210
0.4838750,0.1439210
0.4840000,0.1439210
0.4841250,0.1415032
0.4842500,0.1366675
0.4843750,0.1439210
0.4845000,0.1608458
0.4846250,0.1439210
0.4847500,0.1415032
0.4848750,0.1439210
0.4850000,0.1415032
0.4851250,0.1439210
0.4852500,0.1415032
0.4853750,0.1439210
0.4855000,0.1415032
0.4856250,0.1390853
0.4857500,0.1463388
0.4858750,0.1439210
0.4860000,0.1463388
0.4861250,0.1439210
0.4862500,0.1415032
0.4863750,0.1415032
0.4865000,0.1415032
0.4866250,0.1415032
0.4867500,0.1463388
0.4868750,0.1439210
0.4870000,0.1463388
0.4871250,0.1390853
0.4872500,0.1390853
0.4873750,0.1415032
0.4875000,0.1415032
0.4876250,0.1439210
0.4877500,0.1415032
0.4878750,0.1584279
0.4880000,0.1463388
0.4881250,0.1439210
0.4882500,0.1415032
0.4883750,0.1390853
0.4885000,0.1415032
0.4886250,0.1439210
0.4887500,0.1439210
0.4888750,0.1390853
0.4890000,0.1415032
0.4891250,0.1415032
0.4892500,0.1439210
0.4893750,0.1487566
0.4895000,0.1366675
0.4896250,0.1415032
0.4897500,0.1415032
0.4898750,0.1439210
0.4900000,0.1439210
0.4901250,0.1415032
0.4902500,0.1439210
0.4903750,0.1245784
0.4905000,0.1463388
0.4906250,0.1390853
0.4907500,0.1415032
0.4908750,0.1390853
0.4910000,0.1390853
0.4911250,0.1390853
0.4912500,0.1439210
0.4913750,0.1415032
0.4915000,0.1318319
0.4916250,0.1415032
0.4917500,0.1390853
0.4918750,0.1415032
0.4920000,0.1439210
0.4921250,0.1439210
0.4922500,0.1511745
0.4923750,0.1366675
0.4925000,0.1342497
0.4926250,0.1390853
0.4927500,0.1366675
0.4928750,0.1415032
0.4930000,0.1415032
0.4931250,0.1415032
0.4932500,0.1415032
0.4933750,0.1415032
0.4935000,0.1439210
0.4936250,0.1415032
0.4937500,0.1390853
0.4938750,0.1439210
0.4940000,0.0762219
0.4941250,0.1439210
0.4942500,0.1390853
0.4943750,0.1439210
0.4945000,0.1439210
0.4946250,0.1463388
0.4947500,0.1439210
0.4948750,0.1415032
0.4950000,0.1415032
0.4951250,0.1342497
0.4952500,0.1439210
0.4953750,0.1439210
0.4955000,0.1415032
0.4956250,0.1439210
0.4957500,0.1487566
0.4958750,0.1415032
0.4960000,0.1318319
0.4961250,0.1390853
0.4962500,0.1415032
0.4963750,0.1415032
0.4965000,0.1415032
0.4966250,0.1390853
0.4967500,0.1415032
0.4968750,0.1487566
0.4970000,0.1439210
0.4971250,0.1415032
0.4972500,0.1390853
0.4973750,0.1415032
0.4975000,0.1390853
0.4976250,0.1487566
0.4977500,0.1294140
0.4978750,0.1463388
0.4980000,0.1439210
0.4981250,0.1463388
0.4982500,0.1415032
0.4983750,0.1415032
0.4985000,0.1439210
0.4986250,0.1415032
0.4987500,0.1415032
0.4988750,0.1415032
0.4990000,0.1390853
0.4991250,0.1439210
0.4992500,0.1439210
0.4993750,0.1439210
0.4995000,0.1705171
0.4996250,0.1439210
0.4997500,0.1777705
0.4998750,0.1439210
0.5000000,0.1415032
0.5001250,0.1342497
0.5002500,0.1366675
0.5003750,0.1463388
0.5005000,0.1463388
0.5006250,0.1294140
0.5007500,0.1415032
0.5008750,0.1415032
0.5010000,0.1415032
0.5011250,0.1439210
0.5012500,0.1390853
0.5013750,0.1390853
0.5015000,0.1439210
0.5016250,0.1366675
0.5017500,0.1463388
0.5018750,0.1415032
0.5020000,0.1390853
0.5021250,0.1390853
0.5022500,0.1439210
0.5023750,0.1366675
0.5025000,0.1463388
0.5026250,0.1487566
0.5027500,0.1342497
0.5028750,0.1463388
0.5030000,0.1415032
0.5031250,0.1415032
0.5032500,0.1415032
0.5033750,0.1487566
0.5035000,0.1390853
0.5036250,0.1415032
0.5037500,0.1342497
0.5038750,0.1390853
0.5040000,0.1439210
0.5041250,0.1390853
0.5042500,0.1415032
0.5043750,0.1390853
0.5045000,0.1342497
0.5046250,0.1463388
0.5047500,0.1415032
0.5048750,0.1415032
0.5050000,0.1439210
0.5051250,0.1415032
0.5052500,0.1415032
0.5053750,0.1608458
0.5055000,0.1390853
0.5056250,0.1390853
0.5057500,0.1390853
0.5058750,0.1415032
0.5060000,0.1439210
0.5061250,0.1366675
0.5062500,0.1390853
0.5063750,0.1390853
0.5065000,0.1439210
0.5066250,0.1415032
0.5067500,0.1390853
0.5068750,0.1342497
0.5070000,0.1415032
0.5071250,0.1415032
0.5072500,0.1390853
0.5073750,0.1390853
0.5075000,0.1390853
0.5076250,0.1463388
0.5077500,0.1366675
0.5078750,0.1390853
0.5080000,0.1390853
0.5081250,0.1463388
0.5082500,0.1415032
0.5083750,0.1439210
0.5085000,0.1366675
0.5086250,0.1463388
0.5087500,0.1390853
0.5088750,0.1511745
0.5090000,0.1439210
0.5091250,0.1560101
0.5092500,0.1076536
0.5093750,0.1463388
0.5095000,0.1415032
0.5096250,0.1318319
0.5097500,0.1390853
0.5098750,0.1390853
0.5100000,0.1390853
0.5101250,0.1390853
0.5102500,0.1415032
0.5103750,0.1415032
0.5105000,0.1415032
0.5106250,0.1366675
0.5107500,0.1390853
0.5108750,0.1439210
0.5110000,0.1415032
0.5111250,0.1415032
0.5112500,0.1439210
0.5113750,0.1439210
0.5115000,0.1390853
0.5116250,0.1415032
0.5117500,0.1390853
0.5118750,0.1415032
0.5120000,0.1366675
0.5121250,0.1366675
0.5122500,0.1415032
0.5123750,0.1487566
0.5125000,0.1463388
0.5126250,0.1415032
0.5127500,0.1415032
0.5128750,0.1439210
0.5130000,0.1415032
0.5131250,0.1342497
0.5132500,0.1415032
0.5133750,0.1439210
0.5135000,0.1366675
0.5136250,0.1439210
0.5137500,0.1366675
0.5138750,0.1415032
0.5140000,0.1463388
0.5141250,0.1487566
0.5142500,0.1463388
0.5143750,0.1390853
0.5145000,0.1390853
0.5146250,0.1390853
0.5147500,0.1366675
0.5148750,0.1415032
0.5150000,0.1415032
0.5151250,0.1390853
0.5152500,0.1390853
0.5153750,0.1463388
0.5155000,0.1366675
0.5156250,0.1439210
0.5157500,0.1390853
0.5158750,0.1415032
0.5160000,0.1439210
0.5161250,0.1390853
0.5162500,0.1390853
0.5163750,0.1390853
0.5165000,0.1366675
0.5166250,0.1439210
0.5167500,0.1439210
0.5168750,0.1463388
0.5170000,0.1415032
0.5171250,0.1390853
0.5172500,0.1415032
0.5173750,0.1415032
0.5175000,0.1415032
0.5176250,0.1390853
0.5177500,0.0834754
0.5178750,0.1415032
0.5180000,0.1463388
0.5181250,0.1415032
0.5182500,0.1439210
0.5183750,0.1415032
0.5185000,0.1390853
0.5186250,0.1463388
0.5187500,0.1439210
0.5188750,0.1415032
0.5190000,0.1390853
0.5191250,0.1463388
0.5192500,0.1463388
0.5193750,0.1463388
0.5195000,0.1415032
0.5196250,0.1439210
0.5197500,0.1439210
0.5198750,0.1439210
0.5200000,0.1390853
0.5201250,0.1390853
0.5202500,0.1584279
0.5203750,0.1366675
0.5205000,0.1463388
0.5206250,0.1439210
0.5207500,0.1463388
0.5208750,0.1439210
0.5210000,0.1390853
0.5211250,0.1439210
0.5212500,0.1439210
0.5213750,0.1415032
0.5215000,0.1366675
0.5216250,0.1390853
0.5217500,0.1366675
0.5218750,0.1439210
0.5220000,0.1294140
0.5221250,0.1415032
0.5222500,0.1415032
0.5223750,0.1656814
0.5225000,0.1415032
0.5226250,0.1439210
0.5227500,0.1390853
0.5228750,0.1415032
0.5230000,0.1463388
0.5231250,0.1415032
0.5232500,0.1366675
0.5233750,0.1439210
0.5235000,0.1632636
0.5236250,0.1269962
0.5237500,0.1366675
0.5238750,0.1366675
0.5240000,0.1390853
0.5241250,0.1439210
0.5242500,0.1415032
0.5243750,0.1415032
0.5245000,0.1366675
0.5246250,0.1487566
0.5247500,0.1415032
0.5248750,0.1415032
0.5250000,0.1390853
0.5251250,0.1342497
0.5252500,0.1390853
0.5253750,0.1366675
0.5255000,0.1366675
0.5256250,0.1439210
0.5257500,0.1415032
0.5258750,0.1342497
0.5260000,0.1415032
0.5261250,0.1269962
0.5262500,0.1390853
0.5263750,0.1390853
0.5265000,0.1608458
0.5266250,0.1415032
0.5267500,0.1439210
0.5268750,0.1439210
0.5270000,0.1560101
0.5271250,0.1390853
0.5272500,0.1415032
0.5273750,0.1415032
0.5275000,0.1366675
0.5276250,0.1366675
0.5277500,0.1439210
0.5278750,0.1463388
0.5280000,0.1390853
0.5281250,0.1342497
0.5282500,0.1415032
0.5283750,0.1415032
0.5285000,0.1390853
0.5286250,0.1415032
0.5287500,0.1463388
0.5288750,0.1439210
0.5290000,0.1415032
0.5291250,0.1439210
0.5292500,0.1463388
0.5293750,0.1463388
0.5295000,0.1390853
0.5296250,0.1415032
0.5297500,0.1366675
0.5298750,0.1366675
0.5300000,0.1463388
0.5301250,0.1439210
0.5302500,0.1415032
0.5303750,0.1390853
0.5305000,0.1294140
0.5306250,0.1415032
0.5307500,0.1366675
0.5308750,0.1439210
0.5310000,0.1439210
0.5311250,0.1487566
0.5312500,0.1439210
0.5313750,0.1439210
0.5315000,0.1415032
0.5316250,0.1439210
0.5317500,0.1415032
0.5318750,0.1463388
0.5320000,0.1415032
0.5321250,0.1415032
0.5322500,0.1390853
0.5323750,0.1390853
0.5325000,0.1463388
0.5326250,0.1390853
0.5327500,0.1390853
0.5328750,0.1415032
0.5330000,0.1439210
0.5331250,0.1390853
0.5332500,0.1439210
0.5333750,0.1463388
0.5335000,0.1390853
0.5336250,0.1390853
0.5337500,0.1463388
0.5338750,0.1439210
0.5340000,0.1318319
0.5341250,0.1439210
0.5342500,0.1415032
0.5343750,0.1439210
0.5345000,0.1415032
0.5346250,0.1390853
0.5347500,0.1415032
0.5348750,0.1415032
0.5350000,0.1390853
0.5351250,0.1463388
0.5352500,0.1415032
0.5353750,0.0738041
0.5355000,0.1390853
0.5356250,0.1366675
0.5357500,0.1439210
0.5358750,0.1390853
0.5360000,0.1463388
0.5361250,0.1390853
0.5362500,0.1439210
0.5363750,0.1390853
0.5365000,0.1366675
0.5366250,0.1415032
0.5367500,0.1415032
0.5368750,0.1366675
0.5370000,0.1366675
0.5371250,0.1366675
0.5372500,0.1415032
0.5373750,0.1439210
0.5375000,0.1366675
0.5376250,0.1439210
0.5377500,0.1415032
0.5378750,0.1439210
0.5380000,0.1415032
0.5381250,0.1390853
0.5382500,0.1487566
0.5383750,0.1415032
0.5385000,0.1415032
0.5386250,0.1439210
0.5387500,0.1366675
0.5388750,0.1415032
0.5390000,0.1439210
0.5391250,0.1463388
0.5392500,0.1439210
0.5393750,0.1463388
0.5395000,0.1415032
0.5396250,0.1415032
0.5397500,0.1342497
0.5398750,0.1439210
0.5400000,0.1390853
0.5401250,0.1463388
0.5402500,0.1390853
0.5403750,0.1439210
0.5405000,0.1415032
0.5406250,0.1415032
0.5407500,0.1415032
0.5408750,0.1463388
0.5410000,0.1415032
0.5411250,0.1390853
0.5412500,0.1415032
0.5413750,0.1415032
0.5415000,0.1463388
0.5416250,0.1463388
0.5417500,0.1415032
0.5418750,0.1415032
0.5420000,0.1390853
0.5421250,0.1415032
0.5422500,0.1439210
0.5423750,0.1439210
0.5425000,0.1390853
0.5426250,0.1439210
0.5427500,0.1415032
0.5428750,0.1439210
0.5430000,0.1415032
0.5431250,0.1390853
0.5432500,0.1390853
0.5433750,0.1439210
0.5435000,0.1463388
0.5436250,0.1366675
0.5437500,0.1390853
0.5438750,0.1560101
0.5440000,0.1390853
0.5441250,0.1415032
0.5442500,0.1415032
0.5443750,0.1415032
0.5445000,0.1415032
0.5446250,0.1004001
0.5447500,0.1608458
0.5448750,0.1439210
0.5450000,0.1487566
0.5451250,0.1439210
0.5452500,0.1439210
0.5453750,0.1439210
0.5455000,0.1439210
0.5456250,0.1608458
0.5457500,0.1342497
0.5458750,0.1390853
0.5460000,0.1415032
0.5461250,0.1415032
0.5462500,0.1463388
0.5463750,0.1463388
0.5465000,0.1390853
0.5466250,0.1415032
0.5467500,0.1415032
0.5468750,0.1463388
0.5470000,0.1390853
0.5471250,0.1439210
0.5472500,0.1463388
0.5473750,0.1439210
0.5475000,0.1415032
0.5476250,0.1390853
0.5477500,0.1415032
0.5478750,0.1439210
0.5480000,0.1729349
0.5481250,0.1415032
0.5482500,0.1390853
0.5483750,0.1342497
0.5485000,0.1463388
0.5486250,0.1390853
0.5487500,0.1439210
0.5488750,0.1463388
0.5490000,0.1415032
0.5491250,0.1294140
0.5492500,0.1415032
0.5493750,0.1415032
0.5495000,0.1463388
0.5496250,0.1535923
0.5497500,0.1439210
0.5498750,0.1415032
0.5500000,0.1415032
0.5501250,0.1439210
0.5502500,0.1463388
0.5503750,0.1366675
0.5505000,0.1366675
0.5506250,0.1415032
0.5507500,0.1439210
0.5508750,0.1439210
0.5510000,0.1415032
0.5511250,0.1318319
0.5512500,0.1415032
0.5513750,0.1415032
0.5515000,0.1463388
0.5516250,0.1584279
0.5517500,0.1269962
0.5518750,0.1415032
0.5520000,0.1439210
0.5521250,0.1415032
0.5522500,0.1415032
0.5523750,0.1390853
0.5525000,0.1439210
0.5526250,0.1415032
0.5527500,0.1415032
0.5528750,0.1415032
0.5530000,0.1390853
0.5531250,0.1366675
0.5532500,0.1439210
0.5533750,0.1390853
0.5535000,0.1390853
0.5536250,0.1415032
0.5537500,0.1439210
0.5538750,0.1415032
0.5540000,0.1415032
0.5541250,0.1390853
0.5542500,0.1318319
0.5543750,0.1390853
0.5545000,0.1463388
0.5546250,0.1439210
0.5547500,0.1390853
0.5548750,0.1415032
0.5550000,0.1415032
0.5551250,0.1463388
0.5552500,0.1439210
0.5553750,0.1342497
0.5555000,0.1415032
0.5556250,0.1463388
0.5557500,0.1294140
0.5558750,0.1390853
0.5560000,0.1415032
0.5561250,0.1415032
0.5562500,0.1439210
0.5563750,0.1439210
0.5565000,0.1390853
0.5566250,0.1415032
0.5567500,0.1487566
0.5568750,0.1415032
0.5570000,0.1366675
0.5571250,0.1342497
0.5572500,0.1439210
0.5573750,0.1366675
0.5575000,0.1415032
0.5576250,0.1439210
0.5577500,0.1415032
0.5578750,0.1366675
0.5580000,0.1390853
0.5581250,0.1390853
0.5582500,0.1390853
0.5583750,0.1390853
0.5585000,0.1415032
0.5586250,0.1535923
0.5587500,0.1439210
0.5588750,0.1415032
0.5590000,0.1415032
0.5591250,0.1318319
0.5592500,0.1390853
0.5593750,0.1415032
0.5595000,0.1439210
0.5596250,0.1415032
0.5597500,0.1439210
0.5598750,0.1415032
0.5600000,0.1342497
0.5601250,0.1366675
0.5602500,0.1487566
0.5603750,0.1415032
0.5605000,0.1366675
0.5606250,0.1463388
0.5607500,0.1415032
0.5608750,0.1463388
0.5610000,0.1463388
0.5611250,0.1415032
0.5612500,0.1415032
0.5613750,0.1439210
0.5615000,0.1415032
0.5616250,0.1415032
0.5617500,0.1366675
0.5618750,0.1415032
0.5620000,0.1415032
0.5621250,0.1390853
0.5622500,0.1439210
0.5623750,0.1463388
0.5625000,0.1390853
0.5626250,0.1390853
0.5627500,0.1390853
0.5628750,0.1439210
0.5630000,0.1415032
0.5631250,0.1463388
0.5632500,0.1366675
0.5633750,0.1390853
0.5635000,0.1221606
0.5636250,0.1390853
0.5637500,0.1415032
0.5638750,0.1415032
0.5640000,0.1415032
0.5641250,0.1366675
0.5642500,0.1366675
0.5643750,0.1415032
0.5645000,0.1439210
0.5646250,0.1390853
0.5647500,0.1390853
0.5648750,0.1415032
0.5650000,0.1439210
0.5651250,0.1415032
0.5652500,0.1463388
0.5653750,0.1415032
0.5655000,0.1415032
0.5656250,0.1390853
0.5657500,0.1390853
0.5658750,0.1415032
0.5660000,0.1415032
0.5661250,0.1415032
0.5662500,0.1415032
0.5663750,0.1439210
0.5665000,0.1415032
0.5666250,0.1439210
0.5667500,0.1390853
0.5668750,0.1439210
0.5670000,0.1463388
0.5671250,0.1439210
0.5672500,0.1415032
0.5673750,0.1439210
0.5675000,0.1342497
0.5676250,0.1415032
0.5677500,0.1415032
0.5678750,0.1415032
0.5680000,0.1415032
0.5681250,0.1415032
0.5682500,0.1415032
0.5683750,0.1415032
0.5685000,0.1366675
0.5686250,0.1415032
0.5687500,0.1439210
0.5688750,0.1366675
0.5690000,0.1342497
0.5691250,0.1390853
0.5692500,0.1390853
0.5693750,0.1366675
0.5695000,0.1415032
0.5696250,0.1318319
0.5697500,0.1439210
0.5698750,0.1415032
0.5700000,0.1463388
0.5701250,0.1439210
0.5702500,0.1415032
0.5703750,0.1366675
0.5705000,0.1415032
0.5706250,0.1390853
0.5707500,0.1439210
0.5708750,0.1415032
0.5710000,0.1463388
0.5711250,0.1439210
0.5712500,0.1439210
0.5713750,0.1415032
0.5715000,0.1415032
0.5716250,0.1415032
0.5717500,0.1487566
0.5718750,0.1366675
0.5720000,0.1415032
0.5721250,0.1463388
0.5722500,0.1415032
0.5723750,0.1439210
0.5725000,0.1390853
0.5726250,0.1439210
0.5727500,0.1390853
0.5728750,0.1415032
0.5730000,0.1366675
0.5731250,0.1390853
0.5732500,0.1366675
0.5733750,0.1366675
0.5735000,0.1463388
0.5736250,0.1487566
0.5737500,0.1390853
0.5738750,0.1439210
0.5740000,0.1439210
0.5741250,0.1390853
0.5742500,0.1390853
0.5743750,0.1463388
0.5745000,0.1439210
0.5746250,0.1439210
0.5747500,0.1463388
0.5748750,0.1439210
0.5750000,0.1439210
0.5751250,0.1415032
0.5752500,0.1390853
0.5753750,0.1415032
0.5755000,0.1415032
0.5756250,0.1390853
0.5757500,0.1463388
0.5758750,0.1463388
0.5760000,0.1390853
0.5761250,0.1415032
0.5762500,0.1439210
0.5763750,0.1415032
0.5765000,0.1366675
0.5766250,0.1415032
0.5767500,0.1415032
0.5768750,0.1439210
0.5770000,0.1439210
0.5771250,0.1415032
0.5772500,0.1390853
0.5773750,0.1439210
0.5775000,0.1463388
0.5776250,0.1415032
0.5777500,0.1560101
0.5778750,0.1463388
0.5780000,0.1439210
0.5781250,0.1415032
0.5782500,0.1439210
0.5783750,0.1415032
0.5785000,0.1463388
0.5786250,0.1415032
0.5787500,0.1535923
0.5788750,0.1439210
0.5790000,0.1390853
0.5791250,0.1415032
0.5792500,0.1439210
0.5793750,0.1463388
0.5795000,0.1439210
0.5796250,0.1439210
0.5797500,0.1439210
0.5798750,0.1439210
0.5800000,0.1390853
0.5801250,0.1439210
0.5802500,0.1366675
0.5803750,0.1390853
0.5805000,0.1439210
0.5806250,0.1366675
0.5807500,0.1366675
0.5808750,0.1390853
0.5810000,0.1366675
0.5811250,0.1415032
0.5812500,0.1439210
0.5813750,0.1439210
0.5815000,0.1439210
0.5816250,0.1366675
0.5817500,0.1415032
0.5818750,0.1439210
0.5820000,0.1439210
0.5821250,0.1439210
0.5822500,0.1415032
0.5823750,0.1463388
0.5825000,0.1415032
0.5826250,0.1390853
0.5827500,0.1439210
0.5828750,0.1415032
0.5830000,0.1439210
0.5831250,0.1439210
0.5832500,0.1439210
0.5833750,0.1415032
0.5835000,0.1390853
0.5836250,0.1463388
0.5837500,0.1439210
0.5838750,0.1584279
0.5840000,0.1390853
0.5841250,0.1632636
0.5842500,0.1415032
0.5843750,0.1390853
0.5845000,0.1415032
0.5846250,0.1439210
0.5847500,0.1415032
0.5848750,0.1390853
0.5850000,0.1463388
0.5851250,0.1463388
0.5852500,0.1439210
0.5853750,0.1439210
0.5855000,0.1439210
0.5856250,0.1342497
0.5857500,0.1415032
0.5858750,0.1415032
0.5860000,0.1463388
0.5861250,0.1390853
0.5862500,0.1366675
0.5863750,0.1366675
0.5865000,0.1415032
0.5866250,0.1463388
0.5867500,0.1560101
0.5868750,0.1415032
0.5870000,0.1366675
0.5871250,0.1415032
0.5872500,0.1439210
0.5873750,0.1415032
0.5875000,0.1463388
0.5876250,0.1439210
0.5877500,0.1366675
0.5878750,0.1366675
0.5880000,0.1439210
0.5881250,0.1366675
0.5882500,0.1439210
0.5883750,0.1415032
0.5885000,0.1415032
0.5886250,0.1439210
0.5887500,0.1415032
0.5888750,0.1415032
0.5890000,0.1415032
0.5891250,0.1415032
0.5892500,0.1439210
0.5893750,0.1366675
0.5895000,0.1415032
0.5896250,0.1415032
0.5897500,0.1366675
0.5898750,0.1366675
0.5900000,0.1390853
0.5901250,0.1415032
0.5902500,0.1439210
0.5903750,0.1463388
0.5905000,0.1439210
0.5906250,0.1439210
0.5907500,0.1415032
0.5908750,0.1463388
0.5910000,0.1415032
0.5911250,0.1439210
0.5912500,0.1439210
0.5913750,0.1366675
0.5915000,0.1366675
0.5916250,0.1463388
0.5917500,0.1415032
0.5918750,0.1560101
0.5920000,0.1415032
0.5921250,0.1415032
0.5922500,0.1463388
0.5923750,0.1439210
0.5925000,0.1415032
0.5926250,0.1366675
0.5927500,0.1415032
0.5928750,0.1439210
0.5930000,0.1415032
0.5931250,0.1439210
0.5932500,0.1415032
0.5933750,0.1415032
0.5935000,0.1439210
0.5936250,0.1439210
0.5937500,0.1415032
0.5938750,0.1463388
0.5940000,0.1463388
0.5941250,0.1439210
0.5942500,0.1415032
0.5943750,0.1439210
0.5945000,0.1439210
0.5946250,0.1463388
0.5947500,0.1415032
0.5948750,0.1463388
0.5950000,0.1390853
0.5951250,0.1415032
0.5952500,0.1390853
0.5953750,0.1415032
0.5955000,0.1415032
0.5956250,0.1415032
0.5957500,0.1463388
0.5958750,0.1415032
0.5960000,0.1390853
0.5961250,0.1415032
0.5962500,0.1439210
0.5963750,0.1463388
0.5965000,0.1487566
0.5966250,0.1390853
0.5967500,0.1463388
0.5968750,0.0762219
0.5970000,0.1390853
0.5971250,0.1390853
0.5972500,0.1390853
0.5973750,0.1463388
0.5975000,0.1342497
0.5976250,0.1415032
0.5977500,0.1439210
0.5978750,0.1439210
0.5980000,0.1415032
0.5981250,0.1415032
0.5982500,0.1366675
0.5983750,0.1390853
0.5985000,0.1390853
0.5986250,0.1463388
0.5987500,0.1366675
0.5988750,0.1439210
0.5990000,0.1439210
0.5991250,0.1439210
0.5992500,0.1439210
0.5993750,0.1439210
0.5995000,0.1415032
0.5996250,0.1487566
0.5997500,0.1439210
0.5998750,0.1415032